epsilon,n_components,n_measurements,mask_kind,mask_density,mask_rows_normalized,finite_map_norm,atp_map_norm,atp_calibrated_map_norm,ridge_map_norm,omp_map_norm,finite_on_atp_slope,atp_on_finite_slope,finite_to_atp_norm_ratio,atp_vs_finite_cosine,atp_calibration_gain,atp_vs_finite_pearson,atp_vs_finite_spearman,ridge_vs_finite_pearson,ridge_vs_finite_spearman,omp_vs_finite_pearson,omp_vs_finite_spearman,finite_single_holdout_r2,atp_holdout_r2,atp_calibrated_holdout_r2,ridge_holdout_r2,omp_holdout_r2,ridge_train_r2,omp_val_r2,omp_k,aggregate_additivity_gap,atp_finite_calibration_gap,atp_calibrated_gap,atp_minus_finite_mae,atp_calibrated_minus_finite_mae,ridge_minus_finite_mae,omp_minus_finite_mae,source
0.05,32,128,signed,0.3,True,0.2489930223417583,0.1450925888989647,0.1907744653018901,0.1906720368739421,0.1875569797265216,1.7053179812573167,0.5790572154774307,1.7160974535725229,0.9937186129536144,1.314846380160298,0.9923410451206384,0.9988888888888888,0.9768375187463536,0.6455502248966576,0.9769541207832328,0.6691899028305942,0.8555957988466785,0.8463229814562354,0.9281387755808012,0.9196365634404128,0.9138008999339516,0.9804483049545246,0.9211876179024052,7,0.1444042011533215,0.009272817390443,-0.0725429767341228,0.0076127005464513,0.0046868416232138,0.008540604201678,0.0073470163007028,runs/m4_baseline_seed7/step0_v2_seed7/step0_results.csv
0.1,32,128,signed,0.3,True,0.5109379836598619,0.2901851777979295,0.4127406132704102,0.4199083974590281,0.3980874350559187,1.7577009054593284,0.5669686531441198,1.760730811742747,0.998279176883138,1.422335270197095,0.9979671308317288,0.9977777777777778,0.9872401781215908,0.6846074873618663,0.9882804913913724,0.6475617582430561,0.8884965424535591,0.8475924247007155,0.9482072418584272,0.9666922594820252,0.9442255826117004,0.9867610359444472,0.9426451640219649,6,0.1115034575464408,0.0409041177528436,-0.059710699404868,0.0161452448039199,0.0075431243917548,0.0130671458955216,0.0136844603647435,runs/m4_baseline_seed7/step0_v2_seed7/step0_results.csv
0.2,32,128,signed,0.3,True,0.8380155756614512,0.5803703555958591,0.8447297830090316,0.8500531745398783,0.8295224417597747,1.4425738376236623,0.6919015647824519,1.4439324262195834,0.999059105141452,1.4555012585743765,0.9988785433004402,0.9814814814814816,0.9940207963196672,0.7092946249578,0.990970037990669,0.656457979260758,0.9638685720660498,0.8492678045543125,0.9605674328909268,0.9736349466992206,0.9454023761441416,0.9949337604128718,0.9674729524009016,7,0.0361314279339501,0.1146007675117373,0.003301139175123,0.0211303218660759,0.0040129935982474,0.0122084028826434,0.0156681230890583,runs/m4_baseline_seed7/step0_v2_seed7/step0_results.csv
0.4,32,128,signed,0.3,True,1.5130943778519172,1.1607407111917185,1.5375356738428394,1.5272218166270508,1.515707651282203,1.3010922389878028,0.7656785574107535,1.3035593248887098,0.998107423380123,1.3246159620474327,0.9976570615071976,0.9748148148148148,0.9955886066263796,0.7387718041768254,0.9934181760116104,0.7293657713961158,0.973296168880898,0.8973312075258528,0.9755311880634232,0.9815737126640104,0.9683250232138204,0.9961205775385104,0.9758124260492028,8,0.0267038311191019,0.0759649613550452,-0.0022350191825252,0.0290467157115926,0.0110041081054226,0.0186791184723737,0.0250627184462792,runs/m4_baseline_seed7/step0_v2_seed7/step0_results.csv
0.6,32,128,signed,0.3,True,2.136889476821608,1.741111066787577,2.2576947480268283,2.2132633267550164,2.2054997344046674,1.2256359381150046,0.8136737737119528,1.2273137065082576,0.9986329751029782,1.296697718539214,0.998307756016388,0.991851851851852,0.9968348788587528,0.8316249187167556,0.9945583071419288,0.7586573346342107,0.9827557203362745,0.9260346605209224,0.9890577005850536,0.986028295946348,0.980444662853446,0.997037281328426,0.984224926169978,9,0.0172442796637256,0.056721059815352,-0.0063019802487793,0.033931801241124,0.0159780829795709,0.0247561014783181,0.0342962995818574,runs/m4_baseline_seed7/step0_v2_seed7/step0_results.csv
0.9,32,128,signed,0.3,True,3.1387005544637794,2.611666600181366,3.2453628343267984,3.195004447277607,3.19599155820103,1.1994811786150128,0.8304799264155529,1.2017998599996698,0.9980706592987476,1.2426405553072606,0.997650716546288,0.987037037037037,0.9970338126679652,0.8703137164417266,0.9961709025902196,0.8361912806792829,0.9870550681457532,0.947545454526492,0.9921088688306224,0.9862543462333324,0.983536612808512,0.9978256673143272,0.990344912693142,12,0.0129449318542468,0.039509613619261,-0.0050538006848691,0.044258142093895,0.0210002728513682,0.0300473525032078,0.0373085619474203,runs/m4_baseline_seed7/step0_v2_seed7/step0_results.csv
1.2,32,128,signed,0.3,True,3.997942635184374,3.482222133575154,4.170867473658449,4.090899667786692,4.048370954351705,1.146448731306596,0.8697500545954752,1.1481009774295288,0.998560887800451,1.197760313290603,0.99823391818791,0.991851851851852,0.9961236410422396,0.8872630944926662,0.9946833403347548,0.714006273796418,0.9873630783471624,0.9583353035512924,0.9930212098175748,0.9842857081312144,0.9838708346652189,0.9972519273721512,0.983068607373144,7,0.0126369216528375,0.02902777479587,-0.0056581314704124,0.0475949069834314,0.0262447526003319,0.0427857314752526,0.0628119044884999,runs/m4_baseline_seed7/step0_v2_seed7/step0_results.csv
2.0,32,128,signed,0.3,True,5.804131078631793,5.803703555958592,6.226031895598224,6.147751845573021,6.028076924112213,0.9979588139748096,0.997811803405631,1.0000736637681575,0.9978853059829818,1.0727687649046156,0.9974398167086352,0.975925925925926,0.9918652101118683,0.7793029256029855,0.991713871275856,0.6548650863435418,0.9734066048038952,0.977290065448392,0.9888081144352652,0.9664830944886617,0.9678259391955988,0.9941994413635932,0.9763425908150865,6,0.0265933951961048,-0.0038834606444969,-0.0154015096313698,0.0424605116713792,0.0535261713260108,0.1049061948359601,0.1079014616597394,runs/m4_baseline_seed7/step0_v2_seed7/step0_results.csv
3.0,32,128,signed,0.3,True,7.529481346348172,8.705555333937887,8.319653895686793,8.255728265833227,8.043996917007487,0.8607658865974019,1.1506622998457436,0.8649053457847901,0.9952139743296048,0.9556718183449264,0.9941952277708196,0.9318518518518518,0.9866564180349116,0.7380348746963499,0.987463319324895,0.6402584301425707,0.9469421950130744,0.9846612010493392,0.9813456224316116,0.955014487106086,0.9621726239307172,0.9896816275900576,0.9718626563467933,6,0.0530578049869254,-0.0377190060362645,-0.034403427418537,0.1244854209944605,0.0978196484672704,0.1697845303120478,0.1542830294345996,runs/m4_baseline_seed7/step0_v2_seed7/step0_results.csv
5.0,32,128,signed,0.3,True,10.624395161071291,14.50925888989648,11.759552928430969,11.7752122050488,11.427429360019062,0.7240824449435943,1.350423688242915,0.7322493341454944,0.9888468465301772,0.8104861190821905,0.987182503942863,0.7648148148148148,0.987326106358839,0.6396547890528523,0.9915224595785928,0.5770297860846152,0.9317739278205476,0.96299018945335,0.970375153404917,0.9488901851475744,0.9658580978939816,0.9857852423232626,0.96811822056319,4,0.0682260721794524,-0.0312162616328025,-0.0386012255843694,0.3843138496158644,0.1854547808456216,0.2432454833051524,0.1953361319828317,runs/m4_baseline_seed7/step0_v2_seed7/step0_results.csv
8.0,32,128,signed,0.3,True,14.1695559371291,23.214814223834367,16.503140685124066,16.538628931310885,16.17630651210613,0.600185606704134,1.6110296053101358,0.6103669751783493,0.9833192671159176,0.7108883373350666,0.9819573060025928,0.5477777777777778,0.9870146723757208,0.4771618386079745,0.9913335979848268,0.577670930291376,0.92693506827896,0.8600603916437285,0.9650761524846784,0.952328764515216,0.97135966963785,0.9867827381466642,0.9708669221216266,4,0.0730649317210399,0.0668746766352316,-0.0381410842057183,0.858509348705411,0.3581593582023702,0.3917971362819399,0.2932101280093915,runs/m4_baseline_seed7/step0_v2_seed7/step0_results.csv
0.05,32,128,signed,0.3,True,0.1324501180290039,0.1127955184422872,0.1177240891802436,0.1201549927048161,0.1187121260395037,1.1648597584402742,0.844797524240288,1.1742498271043726,0.9920033467773602,1.043694738993359,0.9907372320111976,0.9985185185185184,0.9888959434908824,0.8518904794298358,0.9875732659627257,0.7027226952148927,0.947844082176174,0.9921087980406526,0.9938181483924134,0.9862660560969964,0.992032637407128,0.9962036240549234,0.9834136204505816,12,0.0521559178238261,-0.0442647158644786,-0.0459740662162395,0.0013102507749863,0.001171932326275,0.0021062390373006,0.0021652822531074,runs/m4_baseline_seed7/step0_v2_seed8/step0_results.csv
0.1,32,128,signed,0.3,True,0.3970747094995133,0.2255910368845745,0.2888979307537164,0.2912934942405741,0.2874745055568548,1.755315597290597,0.5665711273882927,1.7601528632659276,0.997251792116308,1.2806268136509935,0.9972468125351732,0.994074074074074,0.9722716774537374,0.4959535403601033,0.9856453780585356,0.5757474976710939,0.7074135133313284,0.9345831789272956,0.9537876337978396,0.8936720765787711,0.9426925312684348,0.981093100791666,0.9407443273873584,4,0.2925864866686716,-0.2271696655959673,-0.246374120466511,0.0109920489849173,0.007573592729799,0.012657759150811,0.0090043606443645,runs/m4_baseline_seed7/step0_v2_seed8/step0_results.csv
0.2,32,128,signed,0.3,True,0.7990603220255439,0.4511820737691491,0.6875979001630151,0.6916401167038471,0.6866701311592814,1.7666412281947663,0.5632392370869552,1.7710373892966091,0.9975177479998948,1.5239920647087366,0.9975673860549804,0.9503703703703704,0.970673753325946,0.6064929624314487,0.9773103558227184,0.574170796275774,0.8789389698849045,0.85387360564173,0.9544756973983396,0.8689942980209766,0.9213134754284148,0.9856850837944512,0.9261514958431512,5,0.1210610301150955,0.0250653642431745,-0.0755367275134352,0.0235991784080397,0.0103293245089937,0.0244737167305681,0.0137480452438445,runs/m4_baseline_seed7/step0_v2_seed8/step0_results.csv
0.4,32,128,signed,0.3,True,1.516614484725208,0.9023641475382982,1.41768242884295,1.385958697363692,1.407576532318649,1.6793844303278962,0.594515780766028,1.6807122588620351,0.9992099608203976,1.571075748865322,0.9991550362930752,0.927037037037037,0.9889304524635826,0.7232962850868371,0.9917024393385946,0.6353768202442577,0.952439267089042,0.7891579576364959,0.959460641754898,0.9421846487566388,0.9390353004569864,0.990134671348925,0.9313257471584704,5,0.047560732910958,0.163281309452546,-0.0070213746658561,0.0434736654307926,0.0116161241998351,0.0322424064653653,0.0207265196373635,runs/m4_baseline_seed7/step0_v2_seed8/step0_results.csv
0.6,32,128,signed,0.3,True,2.160213864986823,1.3535462213074474,2.048146243542663,1.9906636101900133,2.022178809301985,1.5941428967242124,0.6258639424524025,1.595966085960612,0.9988576265796384,1.5131705229572967,0.9986482428786864,0.92,0.9937289389899626,0.6672896445706887,0.9870045276853572,0.5701015293407526,0.959194267861488,0.806669030910873,0.9608094315778845,0.9712652442453662,0.9374785694999672,0.9941868510371056,0.9616426647611426,12,0.0408057321385119,0.152525236950615,-0.0016151637163962,0.0618027103540953,0.0165813919477889,0.032285792345782,0.0373187421940364,runs/m4_baseline_seed7/step0_v2_seed8/step0_results.csv
0.9,32,128,signed,0.3,True,3.074671835282224,2.030319331961171,2.999277469785278,2.899043830164878,2.972933437500274,1.5086746376963027,0.6578498043993143,1.5143784462280958,0.99623356463769,1.4772442061555653,0.995747040710812,0.925925925925926,0.9914808075124468,0.5843850780171796,0.9834846729641028,0.5751063534643331,0.9625556325921464,0.8172434139406107,0.9672039840481168,0.9811760532742384,0.9404157500740848,0.9966132357479196,0.95182692124075,4,0.0374443674078537,0.1453122186515355,-0.0046483514559706,0.0864033113437472,0.0269756931760472,0.0483061884851821,0.0662880332767345,runs/m4_baseline_seed7/step0_v2_seed8/step0_results.csv
1.2,32,128,signed,0.3,True,3.895257758692616,2.707092442614895,3.928949260669468,3.802416811143228,3.8898280830172873,1.4359423684500774,0.6935388279321374,1.4389082904498165,0.9979387692604011,1.4513539319234812,0.9981214309586678,0.9455555555555556,0.9933256710448456,0.5773842479526611,0.990213488658958,0.5757474976710939,0.980199278150816,0.8551368050629029,0.9791138780948772,0.9850962141165314,0.9575986917758824,0.9975531468586268,0.9539475237468824,4,0.0198007218491839,0.1250624730879131,0.0010854000559389,0.1055209132784512,0.0300151326218823,0.0592655903132315,0.0797966743564864,runs/m4_baseline_seed7/step0_v2_seed8/step0_results.csv
2.0,32,128,signed,0.3,True,5.588660851139081,4.511820737691491,5.958819948088455,5.80066242203127,5.945971069859771,1.2332145864339443,0.8037607873370967,1.2386708550833434,0.9955950617333028,1.320712921572618,0.9958056414970984,0.9344444444444444,0.9920695866535852,0.6588149555452188,0.9920429431849708,0.6254672735065031,0.9614107070869654,0.8853111259348695,0.969961501183344,0.9819855617554772,0.9492962497264016,0.9950292684815832,0.9628371891363852,5,0.0385892929130345,0.0760995811520959,-0.0085507940963786,0.1169312529382295,0.0721935922207724,0.099761330837738,0.1205271928481374,runs/m4_baseline_seed7/step0_v2_seed8/step0_results.csv
3.0,32,128,signed,0.3,True,7.146396883678776,6.767731106537237,8.00824614839149,7.737408166548948,7.922573825740538,1.0503371850446548,0.9419778008551696,1.0559516581230255,0.9946830207280976,1.1832985120605617,0.9950684462214272,0.9403703703703704,0.985501726558146,0.4528431657522785,0.9883252417945144,0.5840803430135285,0.9300936799623906,0.9083213561648076,0.9552810809453194,0.9589559953116268,0.9426965642069444,0.991054208878298,0.9421456889647628,5,0.0699063200376094,0.021772323797583,-0.0251874009829288,0.0966636994853615,0.1079913786022705,0.1774202780964368,0.1870562614634254,runs/m4_baseline_seed7/step0_v2_seed8/step0_results.csv
5.0,32,128,signed,0.3,True,10.518228427720008,11.279551844228727,11.436721346803644,11.14055200296529,11.418656960395555,0.9271472358342252,1.0662209232045057,0.9325041076965964,0.9942553906002588,1.0139340201406437,0.9937071022902272,0.8533333333333332,0.9847386389367528,0.3983103841970814,0.9899978741027426,0.5700903946778753,0.9323458928605132,0.9416054436358872,0.9438544456560584,0.936002050167161,0.934132253605543,0.9895644612983318,0.9502894782459737,5,0.0676541071394868,-0.0092595507753739,-0.0115085527955451,0.1205453633156139,0.1296660395277299,0.2685587977349615,0.2447429906942439,runs/m4_baseline_seed7/step0_v2_seed8/step0_results.csv
8.0,32,128,signed,0.3,True,14.21898291175785,18.047282950765965,16.10075212735214,15.78233186465912,16.112298662929412,0.7827980140023036,1.2610616115331943,0.7878738838720521,0.993557509680607,0.8921427214986282,0.9923546823166532,0.7774074074074073,0.9849121089400223,0.3813610061461418,0.9907790211836052,0.57858588173847,0.9384581877131056,0.9548568410862068,0.9576327117416638,0.9489854121244518,0.9582212916712922,0.9927459240164076,0.9587210963226276,6,0.0615418122868943,-0.0163986533731012,-0.0191745240285581,0.3604880123166367,0.2446305214404836,0.3764729440592911,0.3346235006970542,runs/m4_baseline_seed7/step0_v2_seed8/step0_results.csv
0.05,32,128,signed,0.3,True,0.1568456897629946,0.2513218281239545,0.2112021001108821,0.2155788798511592,0.2103573952908796,0.6223113750494395,1.5978020820429188,0.624083037011957,0.9971611759053728,0.840365127404354,0.9966237306220262,0.9192592592592592,0.9894072385144438,0.5736996005502829,0.9922953184910044,0.619055213852662,0.8846773690703632,0.945261356982585,0.9571165833931669,0.9609745628993028,0.9495387613595666,0.9886604400633774,0.957499549403966,5,0.1153226309296368,-0.0605839879122217,-0.0724392143228036,0.0069873972039204,0.0041795509182345,0.0072631920688608,0.0058171895974056,runs/m4_baseline_seed7/step0_v2_seed9/step0_results.csv
0.1,32,128,signed,0.3,True,0.3311096881192238,0.502643656247909,0.3991464351856756,0.3999329504166041,0.3946533647493127,0.6571024383631723,1.5142922997855108,0.6587364308760263,0.9975195048637572,0.7940942459419255,0.9970479997336984,0.8537037037037037,0.9906432689437156,0.6661842503499753,0.9947585237423876,0.577670930291376,0.9297671675494524,0.880843927713237,0.9469188882982148,0.97531112770976,0.9400164655642884,0.9920874884546448,0.9568276921499792,4,0.0702328324505475,0.0489232398362153,-0.0171517207487622,0.0139127891292446,0.0065550722244383,0.0108234246978479,0.0086381082970843,runs/m4_baseline_seed7/step0_v2_seed9/step0_results.csv
0.2,32,128,signed,0.3,True,0.6492460100338119,1.005287312495818,0.7470781767091372,0.7473594475951573,0.74464123628578,0.6442553371986882,1.544613581896274,0.6458312981409609,0.9975597947222298,0.743148916158479,0.9971076860523268,0.7851851851851852,0.9950637644085042,0.8187286528084321,0.9959004612456914,0.6353768202442577,0.9540169836467902,0.827765366697061,0.9639090077865068,0.9784484114540196,0.9610262482511718,0.9963715446716084,0.9759938906551682,5,0.0459830163532097,0.1262516169497292,-0.0098920241397165,0.028481157781789,0.0105971422546748,0.0141171185177728,0.0138722898380965,runs/m4_baseline_seed7/step0_v2_seed9/step0_results.csv
0.4,32,128,signed,0.3,True,1.3050390077224927,2.010574624991636,1.3047178152988392,1.3056804422114576,1.292814823687697,0.6477380922151476,1.5374211317664856,0.6490875750149895,0.9979209541951088,0.6489278234595579,0.9975181947166464,0.841111111111111,0.9939952142392866,0.7439303105401549,0.9960920694463212,0.6683897680111077,0.9870757150053407,0.7037637204213096,0.984831298084974,0.9791385690758484,0.9783555556761476,0.9946390532958466,0.984038246409322,6,0.0129242849946592,0.2833119945840311,0.0022444169203666,0.0565100716368761,0.009249611685379,0.0208748653749003,0.0168253144905912,runs/m4_baseline_seed7/step0_v2_seed9/step0_results.csv
0.6,32,128,signed,0.3,True,1.9383149400791384,3.015861937487454,1.8418295033784344,1.851610451396314,1.8595075078217864,0.641325644660646,1.5525758706906148,0.6427067883929624,0.9978510515879724,0.6107141313348322,0.997452211198286,0.8285185185185184,0.9954882180914646,0.7980946273551143,0.9952247015090432,0.6262882535275905,0.9850397125318154,0.5482927327900782,0.9841707452020888,0.985338272486882,0.9793258669992128,0.9963809098407468,0.9917712881871684,11,0.0149602874681845,0.4367469797417372,0.0008689673297266,0.0865737433545291,0.0176631527222195,0.027138879969024,0.0272745848626232,runs/m4_baseline_seed7/step0_v2_seed9/step0_results.csv
0.9,32,128,signed,0.3,True,2.9096882453982698,4.52379290623118,2.6198926802731615,2.660770352455455,2.6315679473153852,0.6417425031368428,1.551219713260235,0.6431966064119328,0.9977392553682746,0.5791362988045847,0.9972912842451288,0.7955555555555555,0.991486716377854,0.6908713879459092,0.9958314363093692,0.6587728723278082,0.9787246897438218,0.4583777517302969,0.983366782650676,0.9695036855532904,0.9833501325418084,0.9944661424312988,0.9837933415720842,9,0.0212753102561782,0.5203469380135248,-0.0046420929068541,0.1334818263028864,0.037273548336567,0.0576151253795407,0.0495807318445985,runs/m4_baseline_seed7/step0_v2_seed9/step0_results.csv
1.2,32,128,signed,0.3,True,3.7503086397076535,6.031723874974908,3.3778376577651263,3.427654270457127,3.3603379763358343,0.6199959123351063,1.6037538393339266,0.6217639794930524,0.9971563692715236,0.5600119845968875,0.9966107312448332,0.7818518518518518,0.9915345104825136,0.5674356999662401,0.9965363893828594,0.577670930291376,0.9796816993276244,0.4259471978179168,0.9799081380110496,0.9653180474317,0.971449151610416,0.9922825158163432,0.9764077798518488,4,0.0203183006723757,0.5537345015097075,-0.0002264386834254,0.1887395655270666,0.0501541874170015,0.0768494677335424,0.0625270479190276,runs/m4_baseline_seed7/step0_v2_seed9/step0_results.csv
2.0,32,128,signed,0.3,True,5.903708737798442,10.05287312495818,5.398159877871749,5.464945195632515,5.362977442163988,0.5845089904563102,1.694812865007357,0.5872658158931059,0.995305659954678,0.5369768235182224,0.9945034287800684,0.7570370370370371,0.9932006213610752,0.6521825902209382,0.9960735868704166,0.577670930291376,0.969023639007472,0.2354421190540087,0.9745614096343098,0.974011783839428,0.9653409035221038,0.990865873148866,0.9747879362664472,4,0.0309763609925279,0.7335815199534633,-0.0055377706268378,0.3378161666623782,0.0787684068011783,0.1075630446480117,0.0888894682482038,runs/m4_baseline_seed7/step0_v2_seed9/step0_results.csv
3.0,32,128,signed,0.3,True,7.796625877225534,15.079309687437268,7.612591830552928,7.809746257701808,7.588395906671683,0.5131894368311042,1.919672924580688,0.517041299557697,0.9925501836509236,0.5048368916313893,0.9911855212165456,0.6696296296296296,0.9879753872978652,0.5571186872395811,0.995106648528632,0.5770297860846152,0.9661167910792814,0.1282439175601154,0.9697380967307848,0.960539277291292,0.9603599451763576,0.9867669892504708,0.9647423465220364,4,0.0338832089207186,0.837872873519166,-0.0036213056515033,0.5780550284398487,0.0992276779486817,0.1602859116919719,0.107200884389763,runs/m4_baseline_seed7/step0_v2_seed9/step0_results.csv
5.0,32,128,signed,0.3,True,10.810921466922728,25.13218281239545,11.798178770568931,12.031991422117368,11.77611968732765,0.4272776694234308,2.3091130265068713,0.4301624553514974,0.9932937291663232,0.4694450481535551,0.9922024636139738,0.62,0.9882584026065314,0.4594755310765593,0.9954086307292468,0.5700903946778753,0.9567152374501018,-0.1877143094769919,0.9734724399911756,0.9527029407191776,0.963040227404057,0.98935614188082,0.9595774988680996,5,0.0432847625498982,1.1444295469270938,-0.0167572025410737,1.1346968711150112,0.1845953148327687,0.2924658606845626,0.1870803363471644,runs/m4_baseline_seed7/step0_v2_seed9/step0_results.csv
8.0,32,128,signed,0.3,True,14.044549321131845,40.211492499832715,16.99617979532057,17.15747548260694,16.899821427069142,0.3465615604265332,2.8409602734176365,0.3492670489957634,0.9922538110107748,0.4226697080540166,0.990986436996522,0.5625925925925926,0.9895231223319824,0.4034688905604109,0.995192935975501,0.5988729042398189,0.9313361132472016,-0.7918604003831333,0.9731135605785488,0.9616695178242533,0.964801373931752,0.9906110368020236,0.968110276239262,6,0.0686638867527984,1.7231965136303349,-0.0417774473313472,2.053112633235287,0.3571028586260644,0.4920475487818338,0.360685447992541,runs/m4_baseline_seed7/step0_v2_seed9/step0_results.csv
