prompt,io_name,s_name,io_token,s_token
"When Nancy and Daniel went to the store, Daniel gave a bottle of milk to",Nancy,Daniel,18496,7806
"When Brian and Eric went to the store, Eric gave a bottle of milk to",Brian,Eric,8403,7651
"When Emma and Mary went to the store, Mary gave a bottle of milk to",Emma,Mary,18966,5335
"When Michael and Jacob went to the store, Jacob gave a bottle of milk to",Michael,Jacob,3899,12806
"When Anna and Daniel went to the store, Daniel gave a bottle of milk to",Anna,Daniel,11735,7806
"When Helen and Karen went to the store, Karen gave a bottle of milk to",Helen,Karen,22695,18678
"When Jason and Jessica went to the store, Jessica gave a bottle of milk to",Jason,Jessica,8982,17352
"When Anna and Laura went to the store, Laura gave a bottle of milk to",Anna,Laura,11735,16753
"When Kevin and Eric went to the store, Eric gave a bottle of milk to",Kevin,Eric,7939,7651
"When Helen and James went to the store, James gave a bottle of milk to",Helen,James,22695,3700
"When Jacob and Tom went to the store, Tom gave a bottle of milk to",Jacob,Tom,12806,4186
"When Jessica and Tom went to the store, Tom gave a bottle of milk to",Jessica,Tom,17352,4186
"When Brian and Alice went to the store, Alice gave a bottle of milk to",Brian,Alice,8403,14862
"When Lisa and Karen went to the store, Karen gave a bottle of milk to",Lisa,Karen,15378,18678
"When Michael and Helen went to the store, Helen gave a bottle of milk to",Michael,Helen,3899,22695
"When Scott and Steven went to the store, Steven gave a bottle of milk to",Scott,Steven,4746,8239
"When Karen and Lisa went to the store, Lisa gave a bottle of milk to",Karen,Lisa,18678,15378
"When Eric and Tom went to the store, Tom gave a bottle of milk to",Eric,Tom,7651,4186
"When Jessica and Alice went to the store, Alice gave a bottle of milk to",Jessica,Alice,17352,14862
"When Rachel and Bob went to the store, Bob gave a bottle of milk to",Rachel,Bob,15984,5811
"When Eric and Nancy went to the store, Nancy gave a bottle of milk to",Eric,Nancy,7651,18496
"When Susan and David went to the store, David gave a bottle of milk to",Susan,David,14919,3271
"When Anna and Scott went to the store, Scott gave a bottle of milk to",Anna,Scott,11735,4746
"When Alice and Laura went to the store, Laura gave a bottle of milk to",Alice,Laura,14862,16753
"When Emma and David went to the store, David gave a bottle of milk to",Emma,David,18966,3271
"When Lisa and Mark went to the store, Mark gave a bottle of milk to",Lisa,Mark,15378,2940
"When Scott and Anna went to the store, Anna gave a bottle of milk to",Scott,Anna,4746,11735
"When Robert and Nancy went to the store, Nancy gave a bottle of milk to",Robert,Nancy,5199,18496
"When Jacob and Michael went to the store, Michael gave a bottle of milk to",Jacob,Michael,12806,3899
"When Mary and Karen went to the store, Karen gave a bottle of milk to",Mary,Karen,5335,18678
"When Helen and Scott went to the store, Scott gave a bottle of milk to",Helen,Scott,22695,4746
"When Helen and John went to the store, John gave a bottle of milk to",Helen,John,22695,1757
"When Bob and Rachel went to the store, Rachel gave a bottle of milk to",Bob,Rachel,5811,15984
"When Jason and Daniel went to the store, Daniel gave a bottle of milk to",Jason,Daniel,8982,7806
"When Steven and Jason went to the store, Jason gave a bottle of milk to",Steven,Jason,8239,8982
"When Karen and Susan went to the store, Susan gave a bottle of milk to",Karen,Susan,18678,14919
"When Mark and John went to the store, John gave a bottle of milk to",Mark,John,2940,1757
"When Lisa and Anna went to the store, Anna gave a bottle of milk to",Lisa,Anna,15378,11735
"When Jason and Nancy went to the store, Nancy gave a bottle of milk to",Jason,Nancy,8982,18496
"When David and Emily went to the store, Emily gave a bottle of milk to",David,Emily,3271,17608
"When Rachel and David went to the store, David gave a bottle of milk to",Rachel,David,15984,3271
"When Steven and Nancy went to the store, Nancy gave a bottle of milk to",Steven,Nancy,8239,18496
"When Bob and James went to the store, James gave a bottle of milk to",Bob,James,5811,3700
"When Helen and Kevin went to the store, Kevin gave a bottle of milk to",Helen,Kevin,22695,7939
"When Emily and Karen went to the store, Karen gave a bottle of milk to",Emily,Karen,17608,18678
"When Tom and Karen went to the store, Karen gave a bottle of milk to",Tom,Karen,4186,18678
"When Scott and Robert went to the store, Robert gave a bottle of milk to",Scott,Robert,4746,5199
"When Bob and David went to the store, David gave a bottle of milk to",Bob,David,5811,3271
"When Eric and Jacob went to the store, Jacob gave a bottle of milk to",Eric,Jacob,7651,12806
"When Helen and Anna went to the store, Anna gave a bottle of milk to",Helen,Anna,22695,11735
"When Alice and Jessica went to the store, Jessica gave a bottle of milk to",Alice,Jessica,14862,17352
"When Scott and Jessica went to the store, Jessica gave a bottle of milk to",Scott,Jessica,4746,17352
"When Steven and Alice went to the store, Alice gave a bottle of milk to",Steven,Alice,8239,14862
"When Scott and David went to the store, David gave a bottle of milk to",Scott,David,4746,3271
"When Jason and Helen went to the store, Helen gave a bottle of milk to",Jason,Helen,8982,22695
"When Scott and James went to the store, James gave a bottle of milk to",Scott,James,4746,3700
"When Scott and Kevin went to the store, Kevin gave a bottle of milk to",Scott,Kevin,4746,7939
"When Jessica and Robert went to the store, Robert gave a bottle of milk to",Jessica,Robert,17352,5199
"When Bob and Lisa went to the store, Lisa gave a bottle of milk to",Bob,Lisa,5811,15378
"When Karen and Daniel went to the store, Daniel gave a bottle of milk to",Karen,Daniel,18678,7806
"When David and Kevin went to the store, Kevin gave a bottle of milk to",David,Kevin,3271,7939
"When Emily and Jessica went to the store, Jessica gave a bottle of milk to",Emily,Jessica,17608,17352
"When Sarah and James went to the store, James gave a bottle of milk to",Sarah,James,10490,3700
"When Jason and Sarah went to the store, Sarah gave a bottle of milk to",Jason,Sarah,8982,10490
"When Mary and Lisa went to the store, Lisa gave a bottle of milk to",Mary,Lisa,5335,15378
"When Susan and Michael went to the store, Michael gave a bottle of milk to",Susan,Michael,14919,3899
"When Anna and Bob went to the store, Bob gave a bottle of milk to",Anna,Bob,11735,5811
"When Bob and Susan went to the store, Susan gave a bottle of milk to",Bob,Susan,5811,14919
"When Brian and Tom went to the store, Tom gave a bottle of milk to",Brian,Tom,8403,4186
"When Helen and Mary went to the store, Mary gave a bottle of milk to",Helen,Mary,22695,5335
"When Jason and Bob went to the store, Bob gave a bottle of milk to",Jason,Bob,8982,5811
"When Eric and Steven went to the store, Steven gave a bottle of milk to",Eric,Steven,7651,8239
"When Helen and Jason went to the store, Jason gave a bottle of milk to",Helen,Jason,22695,8982
"When Scott and Susan went to the store, Susan gave a bottle of milk to",Scott,Susan,4746,14919
"When Daniel and Jason went to the store, Jason gave a bottle of milk to",Daniel,Jason,7806,8982
"When Steven and Jacob went to the store, Jacob gave a bottle of milk to",Steven,Jacob,8239,12806
"When Karen and Emily went to the store, Emily gave a bottle of milk to",Karen,Emily,18678,17608
"When Nancy and James went to the store, James gave a bottle of milk to",Nancy,James,18496,3700
"When Eric and Susan went to the store, Susan gave a bottle of milk to",Eric,Susan,7651,14919
"When Kevin and Jason went to the store, Jason gave a bottle of milk to",Kevin,Jason,7939,8982
"When Emma and Kevin went to the store, Kevin gave a bottle of milk to",Emma,Kevin,18966,7939
"When Michael and Robert went to the store, Robert gave a bottle of milk to",Michael,Robert,3899,5199
"When Anna and Susan went to the store, Susan gave a bottle of milk to",Anna,Susan,11735,14919
"When Mark and Steven went to the store, Steven gave a bottle of milk to",Mark,Steven,2940,8239
"When Laura and Bob went to the store, Bob gave a bottle of milk to",Laura,Bob,16753,5811
"When David and Lisa went to the store, Lisa gave a bottle of milk to",David,Lisa,3271,15378
"When Alice and Anna went to the store, Anna gave a bottle of milk to",Alice,Anna,14862,11735
"When Kevin and Mark went to the store, Mark gave a bottle of milk to",Kevin,Mark,7939,2940
"When David and Nancy went to the store, Nancy gave a bottle of milk to",David,Nancy,3271,18496
"When James and Emily went to the store, Emily gave a bottle of milk to",James,Emily,3700,17608
"When John and Rachel went to the store, Rachel gave a bottle of milk to",John,Rachel,1757,15984
"When Michael and Alice went to the store, Alice gave a bottle of milk to",Michael,Alice,3899,14862
"When Steven and Emily went to the store, Emily gave a bottle of milk to",Steven,Emily,8239,17608
"When Laura and Karen went to the store, Karen gave a bottle of milk to",Laura,Karen,16753,18678
"When Sarah and David went to the store, David gave a bottle of milk to",Sarah,David,10490,3271
"When Emma and Jason went to the store, Jason gave a bottle of milk to",Emma,Jason,18966,8982
"When Mary and Alice went to the store, Alice gave a bottle of milk to",Mary,Alice,5335,14862
"When Karen and Tom went to the store, Tom gave a bottle of milk to",Karen,Tom,18678,4186
"When Nancy and Steven went to the store, Steven gave a bottle of milk to",Nancy,Steven,18496,8239
"When Emily and Mary went to the store, Mary gave a bottle of milk to",Emily,Mary,17608,5335
"When Jason and Kevin went to the store, Kevin gave a bottle of milk to",Jason,Kevin,8982,7939
"When Mark and Helen went to the store, Helen gave a bottle of milk to",Mark,Helen,2940,22695
"When Lisa and Susan went to the store, Susan gave a bottle of milk to",Lisa,Susan,15378,14919
"When Bob and John went to the store, John gave a bottle of milk to",Bob,John,5811,1757
"When Alice and Mark went to the store, Mark gave a bottle of milk to",Alice,Mark,14862,2940
"When James and Lisa went to the store, Lisa gave a bottle of milk to",James,Lisa,3700,15378
"When Alice and Daniel went to the store, Daniel gave a bottle of milk to",Alice,Daniel,14862,7806
"When Bob and Laura went to the store, Laura gave a bottle of milk to",Bob,Laura,5811,16753
"When Jason and Alice went to the store, Alice gave a bottle of milk to",Jason,Alice,8982,14862
"When John and James went to the store, James gave a bottle of milk to",John,James,1757,3700
"When Sarah and Steven went to the store, Steven gave a bottle of milk to",Sarah,Steven,10490,8239
"When James and Rachel went to the store, Rachel gave a bottle of milk to",James,Rachel,3700,15984
"When Karen and Mary went to the store, Mary gave a bottle of milk to",Karen,Mary,18678,5335
"When Helen and Susan went to the store, Susan gave a bottle of milk to",Helen,Susan,22695,14919
"When John and Scott went to the store, Scott gave a bottle of milk to",John,Scott,1757,4746
"When Emma and Lisa went to the store, Lisa gave a bottle of milk to",Emma,Lisa,18966,15378
"When Alice and Jason went to the store, Jason gave a bottle of milk to",Alice,Jason,14862,8982
"When Michael and Bob went to the store, Bob gave a bottle of milk to",Michael,Bob,3899,5811
"When Emily and Bob went to the store, Bob gave a bottle of milk to",Emily,Bob,17608,5811
"When Mark and Jessica went to the store, Jessica gave a bottle of milk to",Mark,Jessica,2940,17352
"When Laura and Emma went to the store, Emma gave a bottle of milk to",Laura,Emma,16753,18966
"When Sarah and Mary went to the store, Mary gave a bottle of milk to",Sarah,Mary,10490,5335
"When Jacob and Robert went to the store, Robert gave a bottle of milk to",Jacob,Robert,12806,5199
"When Alice and Steven went to the store, Steven gave a bottle of milk to",Alice,Steven,14862,8239
"When Daniel and James went to the store, James gave a bottle of milk to",Daniel,James,7806,3700
"When Michael and Laura went to the store, Laura gave a bottle of milk to",Michael,Laura,3899,16753
"When Eric and Rachel went to the store, Rachel gave a bottle of milk to",Eric,Rachel,7651,15984
"When Anna and Jason went to the store, Jason gave a bottle of milk to",Anna,Jason,11735,8982
"When Eric and Helen went to the store, Helen gave a bottle of milk to",Eric,Helen,7651,22695
"When Kevin and Sarah went to the store, Sarah gave a bottle of milk to",Kevin,Sarah,7939,10490
"When Steven and Susan went to the store, Susan gave a bottle of milk to",Steven,Susan,8239,14919
"When James and Brian went to the store, Brian gave a bottle of milk to",James,Brian,3700,8403
"When Susan and Sarah went to the store, Sarah gave a bottle of milk to",Susan,Sarah,14919,10490
"When Nancy and Sarah went to the store, Sarah gave a bottle of milk to",Nancy,Sarah,18496,10490
"When David and Jacob went to the store, Jacob gave a bottle of milk to",David,Jacob,3271,12806
"When Lisa and Helen went to the store, Helen gave a bottle of milk to",Lisa,Helen,15378,22695
"When Robert and Susan went to the store, Susan gave a bottle of milk to",Robert,Susan,5199,14919
"When Sarah and John went to the store, John gave a bottle of milk to",Sarah,John,10490,1757
"When Emma and Eric went to the store, Eric gave a bottle of milk to",Emma,Eric,18966,7651
"When Kevin and Nancy went to the store, Nancy gave a bottle of milk to",Kevin,Nancy,7939,18496
"When Jacob and Helen went to the store, Helen gave a bottle of milk to",Jacob,Helen,12806,22695
"When Jessica and Mark went to the store, Mark gave a bottle of milk to",Jessica,Mark,17352,2940
"When Laura and Daniel went to the store, Daniel gave a bottle of milk to",Laura,Daniel,16753,7806
"When Jason and Susan went to the store, Susan gave a bottle of milk to",Jason,Susan,8982,14919
"When Michael and Tom went to the store, Tom gave a bottle of milk to",Michael,Tom,3899,4186
"When John and Robert went to the store, Robert gave a bottle of milk to",John,Robert,1757,5199
"When David and Rachel went to the store, Rachel gave a bottle of milk to",David,Rachel,3271,15984
"When Mary and Scott went to the store, Scott gave a bottle of milk to",Mary,Scott,5335,4746
"When Emily and Brian went to the store, Brian gave a bottle of milk to",Emily,Brian,17608,8403
"When Lisa and Jessica went to the store, Jessica gave a bottle of milk to",Lisa,Jessica,15378,17352
"When Susan and Laura went to the store, Laura gave a bottle of milk to",Susan,Laura,14919,16753
"When Mark and Nancy went to the store, Nancy gave a bottle of milk to",Mark,Nancy,2940,18496
"When Lisa and Tom went to the store, Tom gave a bottle of milk to",Lisa,Tom,15378,4186
"When Steven and Jessica went to the store, Jessica gave a bottle of milk to",Steven,Jessica,8239,17352
"When Daniel and Rachel went to the store, Rachel gave a bottle of milk to",Daniel,Rachel,7806,15984
"When Mark and Bob went to the store, Bob gave a bottle of milk to",Mark,Bob,2940,5811
"When John and Lisa went to the store, Lisa gave a bottle of milk to",John,Lisa,1757,15378
"When James and Steven went to the store, Steven gave a bottle of milk to",James,Steven,3700,8239
"When David and Sarah went to the store, Sarah gave a bottle of milk to",David,Sarah,3271,10490
"When Emily and Mark went to the store, Mark gave a bottle of milk to",Emily,Mark,17608,2940
"When Robert and Daniel went to the store, Daniel gave a bottle of milk to",Robert,Daniel,5199,7806
"When Steven and Eric went to the store, Eric gave a bottle of milk to",Steven,Eric,8239,7651
"When Susan and Kevin went to the store, Kevin gave a bottle of milk to",Susan,Kevin,14919,7939
"When Nancy and Emma went to the store, Emma gave a bottle of milk to",Nancy,Emma,18496,18966
"When Mary and Daniel went to the store, Daniel gave a bottle of milk to",Mary,Daniel,5335,7806
"When Kevin and Emma went to the store, Emma gave a bottle of milk to",Kevin,Emma,7939,18966
"When Brian and Susan went to the store, Susan gave a bottle of milk to",Brian,Susan,8403,14919
"When Steven and Mary went to the store, Mary gave a bottle of milk to",Steven,Mary,8239,5335
"When Sarah and Robert went to the store, Robert gave a bottle of milk to",Sarah,Robert,10490,5199
"When Bob and Michael went to the store, Michael gave a bottle of milk to",Bob,Michael,5811,3899
"When Steven and Sarah went to the store, Sarah gave a bottle of milk to",Steven,Sarah,8239,10490
"When Robert and Jacob went to the store, Jacob gave a bottle of milk to",Robert,Jacob,5199,12806
"When Eric and Anna went to the store, Anna gave a bottle of milk to",Eric,Anna,7651,11735
"When Lisa and Brian went to the store, Brian gave a bottle of milk to",Lisa,Brian,15378,8403
"When John and Eric went to the store, Eric gave a bottle of milk to",John,Eric,1757,7651
"When Mary and Anna went to the store, Anna gave a bottle of milk to",Mary,Anna,5335,11735
"When David and Jessica went to the store, Jessica gave a bottle of milk to",David,Jessica,3271,17352
"When Jason and Robert went to the store, Robert gave a bottle of milk to",Jason,Robert,8982,5199
"When Jason and Eric went to the store, Eric gave a bottle of milk to",Jason,Eric,8982,7651
"When Karen and Emma went to the store, Emma gave a bottle of milk to",Karen,Emma,18678,18966
"When James and Scott went to the store, Scott gave a bottle of milk to",James,Scott,3700,4746
"When Jason and Rachel went to the store, Rachel gave a bottle of milk to",Jason,Rachel,8982,15984
"When Tom and John went to the store, John gave a bottle of milk to",Tom,John,4186,1757
"When Daniel and Susan went to the store, Susan gave a bottle of milk to",Daniel,Susan,7806,14919
"When John and Steven went to the store, Steven gave a bottle of milk to",John,Steven,1757,8239
"When Brian and John went to the store, John gave a bottle of milk to",Brian,John,8403,1757
"When Jacob and Lisa went to the store, Lisa gave a bottle of milk to",Jacob,Lisa,12806,15378
"When Alice and James went to the store, James gave a bottle of milk to",Alice,James,14862,3700
"When Alice and Lisa went to the store, Lisa gave a bottle of milk to",Alice,Lisa,14862,15378
"When Mark and James went to the store, James gave a bottle of milk to",Mark,James,2940,3700
"When Nancy and Jessica went to the store, Jessica gave a bottle of milk to",Nancy,Jessica,18496,17352
"When Michael and Steven went to the store, Steven gave a bottle of milk to",Michael,Steven,3899,8239
"When Sarah and Alice went to the store, Alice gave a bottle of milk to",Sarah,Alice,10490,14862
"When Anna and Nancy went to the store, Nancy gave a bottle of milk to",Anna,Nancy,11735,18496
"When Helen and Daniel went to the store, Daniel gave a bottle of milk to",Helen,Daniel,22695,7806
"When John and Michael went to the store, Michael gave a bottle of milk to",John,Michael,1757,3899
"When Helen and Robert went to the store, Robert gave a bottle of milk to",Helen,Robert,22695,5199
"When Karen and Alice went to the store, Alice gave a bottle of milk to",Karen,Alice,18678,14862
"When Nancy and Michael went to the store, Michael gave a bottle of milk to",Nancy,Michael,18496,3899
"When Tom and Mark went to the store, Mark gave a bottle of milk to",Tom,Mark,4186,2940
"When Jacob and Jason went to the store, Jason gave a bottle of milk to",Jacob,Jason,12806,8982
"When Mark and Laura went to the store, Laura gave a bottle of milk to",Mark,Laura,2940,16753
"When Alice and Nancy went to the store, Nancy gave a bottle of milk to",Alice,Nancy,14862,18496
"When Tom and Michael went to the store, Michael gave a bottle of milk to",Tom,Michael,4186,3899
"When Nancy and John went to the store, John gave a bottle of milk to",Nancy,John,18496,1757
"When Mary and James went to the store, James gave a bottle of milk to",Mary,James,5335,3700
"When Laura and Kevin went to the store, Kevin gave a bottle of milk to",Laura,Kevin,16753,7939
"When Helen and Nancy went to the store, Nancy gave a bottle of milk to",Helen,Nancy,22695,18496
"When Mary and Nancy went to the store, Nancy gave a bottle of milk to",Mary,Nancy,5335,18496
"When Rachel and Steven went to the store, Steven gave a bottle of milk to",Rachel,Steven,15984,8239
"When Anna and Steven went to the store, Steven gave a bottle of milk to",Anna,Steven,11735,8239
"When Mark and Eric went to the store, Eric gave a bottle of milk to",Mark,Eric,2940,7651
"When Robert and Mark went to the store, Mark gave a bottle of milk to",Robert,Mark,5199,2940
"When Emma and Laura went to the store, Laura gave a bottle of milk to",Emma,Laura,18966,16753
"When Nancy and Scott went to the store, Scott gave a bottle of milk to",Nancy,Scott,18496,4746
"When Daniel and Kevin went to the store, Kevin gave a bottle of milk to",Daniel,Kevin,7806,7939
"When Jessica and John went to the store, John gave a bottle of milk to",Jessica,John,17352,1757
"When David and Karen went to the store, Karen gave a bottle of milk to",David,Karen,3271,18678
"When Laura and Steven went to the store, Steven gave a bottle of milk to",Laura,Steven,16753,8239
"When Brian and Lisa went to the store, Lisa gave a bottle of milk to",Brian,Lisa,8403,15378
"When Mary and Michael went to the store, Michael gave a bottle of milk to",Mary,Michael,5335,3899
"When Sarah and Tom went to the store, Tom gave a bottle of milk to",Sarah,Tom,10490,4186
"When Kevin and Jessica went to the store, Jessica gave a bottle of milk to",Kevin,Jessica,7939,17352
"When Scott and Tom went to the store, Tom gave a bottle of milk to",Scott,Tom,4746,4186
"When Anna and Rachel went to the store, Rachel gave a bottle of milk to",Anna,Rachel,11735,15984
"When Emily and Helen went to the store, Helen gave a bottle of milk to",Emily,Helen,17608,22695
"When Mary and Jessica went to the store, Jessica gave a bottle of milk to",Mary,Jessica,5335,17352
"When Sarah and Nancy went to the store, Nancy gave a bottle of milk to",Sarah,Nancy,10490,18496
"When Jacob and Rachel went to the store, Rachel gave a bottle of milk to",Jacob,Rachel,12806,15984
"When Bob and Jessica went to the store, Jessica gave a bottle of milk to",Bob,Jessica,5811,17352
"When Emma and Alice went to the store, Alice gave a bottle of milk to",Emma,Alice,18966,14862
"When Alice and Scott went to the store, Scott gave a bottle of milk to",Alice,Scott,14862,4746
"When Anna and David went to the store, David gave a bottle of milk to",Anna,David,11735,3271
"When Jason and Karen went to the store, Karen gave a bottle of milk to",Jason,Karen,8982,18678
"When Karen and David went to the store, David gave a bottle of milk to",Karen,David,18678,3271
"When Anna and Emma went to the store, Emma gave a bottle of milk to",Anna,Emma,11735,18966
"When Susan and Eric went to the store, Eric gave a bottle of milk to",Susan,Eric,14919,7651
"When Tom and Helen went to the store, Helen gave a bottle of milk to",Tom,Helen,4186,22695
"When Sarah and Mark went to the store, Mark gave a bottle of milk to",Sarah,Mark,10490,2940
"When Kevin and Daniel went to the store, Daniel gave a bottle of milk to",Kevin,Daniel,7939,7806
"When Karen and Mark went to the store, Mark gave a bottle of milk to",Karen,Mark,18678,2940
"When Bob and Karen went to the store, Karen gave a bottle of milk to",Bob,Karen,5811,18678
"When Rachel and Emily went to the store, Emily gave a bottle of milk to",Rachel,Emily,15984,17608
"When John and Alice went to the store, Alice gave a bottle of milk to",John,Alice,1757,14862
"When Daniel and Scott went to the store, Scott gave a bottle of milk to",Daniel,Scott,7806,4746
"When Jacob and Jessica went to the store, Jessica gave a bottle of milk to",Jacob,Jessica,12806,17352
"When Robert and Helen went to the store, Helen gave a bottle of milk to",Robert,Helen,5199,22695
"When Anna and Karen went to the store, Karen gave a bottle of milk to",Anna,Karen,11735,18678
"When Kevin and Steven went to the store, Steven gave a bottle of milk to",Kevin,Steven,7939,8239
"When Susan and James went to the store, James gave a bottle of milk to",Susan,James,14919,3700
"When Emma and Bob went to the store, Bob gave a bottle of milk to",Emma,Bob,18966,5811
"When Laura and Emily went to the store, Emily gave a bottle of milk to",Laura,Emily,16753,17608
"When Michael and Kevin went to the store, Kevin gave a bottle of milk to",Michael,Kevin,3899,7939
"When Brian and Sarah went to the store, Sarah gave a bottle of milk to",Brian,Sarah,8403,10490
"When Emma and James went to the store, James gave a bottle of milk to",Emma,James,18966,3700
"When Laura and Alice went to the store, Alice gave a bottle of milk to",Laura,Alice,16753,14862
