method,heldout_r2,mae,rmse,seed,epsilon,budget_forward,budget_backward,gain,omp_k,omp_val_r2,main_topk_overlap,confound_abs_coef,pair_topk_recall,true_pair_abs_coef_mean,noise_std,source_dir,source_file,measurements,holdout_measurements,mask_density,mode,n_components
raw_atp,0.6705237230225732,0.0717091960842068,0.1459192716745577,0,5.0,0,1,,,,1.0,0.0,0.0,0.0,0.01,runs/claim3_noise_0.01,runs/claim3_noise_0.01/claim3_results.csv,96,512,0.3,combined,64
scalar_cal_atp,0.6756676097301069,0.0694903177739794,0.1447757220939793,0,5.0,96,1,0.9278010952553192,,,1.0,0.0,0.0,0.0,0.01,runs/claim3_noise_0.01,runs/claim3_noise_0.01/claim3_results.csv,96,512,0.3,combined,64
multigain_atp,0.6872875355503945,0.0669459501416786,0.1421586119909253,0,5.0,96,1,,,,1.0,0.0,0.0,0.0,0.01,runs/claim3_noise_0.01,runs/claim3_noise_0.01/claim3_results.csv,96,512,0.3,combined,64
finite_single,0.6011357228726899,0.1004139464575566,0.1605510496918379,0,5.0,64,0,,,,1.0,0.0,0.0,0.0,0.01,runs/claim3_noise_0.01,runs/claim3_noise_0.01/claim3_results.csv,96,512,0.3,combined,64
subset_ridge,0.5003837552327459,0.1295903747227524,0.1796879085259039,0,5.0,96,0,,,,1.0,0.0849141413762941,0.0,0.0,0.01,runs/claim3_noise_0.01,runs/claim3_noise_0.01/claim3_results.csv,96,512,0.3,combined,64
first_order_omp,0.6872907373733292,0.0669417389213614,0.1421578842171377,0,5.0,96,0,,2.0,0.8328202829893037,1.0,0.0,0.0,0.0,0.01,runs/claim3_noise_0.01,runs/claim3_noise_0.01/claim3_results.csv,96,512,0.3,combined,64
lifted_omp,0.9982014132711146,0.0085929346826149,0.0107811793464244,0,5.0,96,0,,4.0,0.9978499782169932,1.0,0.0,1.0,6.3547561824744765,0.01,runs/claim3_noise_0.01,runs/claim3_noise_0.01/claim3_results.csv,96,512,0.3,combined,64
raw_atp,0.3900647650472055,0.1160339483726931,0.2351747719369884,0,8.0,0,1,,,,1.0,0.0,0.0,0.0,0.01,runs/claim3_noise_0.01,runs/claim3_noise_0.01/claim3_results.csv,96,512,0.3,combined,64
scalar_cal_atp,0.4038965230763397,0.1116415809760155,0.2324929016293988,0,8.0,96,1,0.8620172322427718,,,1.0,0.0,0.0,0.0,0.01,runs/claim3_noise_0.01,runs/claim3_noise_0.01/claim3_results.csv,96,512,0.3,combined,64
multigain_atp,0.4300436645807097,0.104718862706158,0.2273367583508019,0,8.0,96,1,,,,1.0,0.0,0.0,0.0,0.01,runs/claim3_noise_0.01,runs/claim3_noise_0.01/claim3_results.csv,96,512,0.3,combined,64
finite_single,0.3483142514589502,0.1400150412182577,0.2430904973098125,0,8.0,64,0,,,,1.0,0.0,0.0,0.0,0.01,runs/claim3_noise_0.01,runs/claim3_noise_0.01/claim3_results.csv,96,512,0.3,combined,64
subset_ridge,0.0851538473575346,0.2081539898448953,0.288020170578018,0,8.0,96,0,,,,1.0,0.1291787667885771,0.0,0.0,0.01,runs/claim3_noise_0.01,runs/claim3_noise_0.01/claim3_results.csv,96,512,0.3,combined,64
first_order_omp,0.4300431134498155,0.1047228493450403,0.2273368682647312,0,8.0,96,0,,2.0,0.6153443970395771,1.0,0.0,0.0,0.0,0.01,runs/claim3_noise_0.01,runs/claim3_noise_0.01/claim3_results.csv,96,512,0.3,combined,64
lifted_omp,0.998581563830242,0.0089793741289807,0.0113410631528478,0,8.0,96,0,,4.0,0.9980433074048763,1.0,0.0,1.0,10.271751710391404,0.01,runs/claim3_noise_0.01,runs/claim3_noise_0.01/claim3_results.csv,96,512,0.3,combined,64
raw_atp,0.6710941402770746,0.0679298130465933,0.1338869916512317,1,5.0,0,1,,,,1.0,0.0,0.0,0.0,0.01,runs/claim3_noise_0.01,runs/claim3_noise_0.01/claim3_results.csv,96,512,0.3,combined,64
scalar_cal_atp,0.6791322981921355,0.0651367780266119,0.1322408340790786,1,5.0,96,1,0.9133503701735692,,,1.0,0.0,0.0,0.0,0.01,runs/claim3_noise_0.01,runs/claim3_noise_0.01/claim3_results.csv,96,512,0.3,combined,64
multigain_atp,0.6806806781317372,0.0588968804254484,0.1319213773796493,1,5.0,96,1,,,,1.0,0.0,0.0,0.0,0.01,runs/claim3_noise_0.01,runs/claim3_noise_0.01/claim3_results.csv,96,512,0.3,combined,64
finite_single,0.560869147625871,0.0962869878498507,0.1547032912798253,1,5.0,64,0,,,,1.0,0.0,0.0,0.0,0.01,runs/claim3_noise_0.01,runs/claim3_noise_0.01/claim3_results.csv,96,512,0.3,combined,64
subset_ridge,0.0059552443810315,0.1834209661253739,0.2327584986070432,1,5.0,96,0,,,,1.0,0.0546142220044665,0.0,0.0,0.01,runs/claim3_noise_0.01,runs/claim3_noise_0.01/claim3_results.csv,96,512,0.3,combined,64
first_order_omp,0.5963997883149326,0.0925130586381138,0.1483126758925607,1,5.0,96,0,,5.0,0.7624780101045577,1.0,0.0,0.0,0.0,0.01,runs/claim3_noise_0.01,runs/claim3_noise_0.01/claim3_results.csv,96,512,0.3,combined,64
lifted_omp,0.9978116305149004,0.0086028085086166,0.0109210124722507,1,5.0,96,0,,4.0,0.9968368258369046,1.0,0.0,1.0,6.481495807633971,0.01,runs/claim3_noise_0.01,runs/claim3_noise_0.01/claim3_results.csv,96,512,0.3,combined,64
raw_atp,0.3844100817392555,0.1091269225888658,0.2146620789098336,1,8.0,0,1,,,,1.0,0.0,0.0,0.0,0.01,runs/claim3_noise_0.01,runs/claim3_noise_0.01/claim3_results.csv,96,512,0.3,combined,64
scalar_cal_atp,0.4047916507081588,0.1038723027024638,0.2110785436223609,1,8.0,96,1,0.8404558564209006,,,1.0,0.0,0.0,0.0,0.01,runs/claim3_noise_0.01,runs/claim3_noise_0.01/claim3_results.csv,96,512,0.3,combined,64
multigain_atp,0.4101878444680791,0.090808229721946,0.2101195398569717,1,8.0,96,1,,,,1.0,0.0,0.0,0.0,0.01,runs/claim3_noise_0.01,runs/claim3_noise_0.01/claim3_results.csv,96,512,0.3,combined,64
finite_single,0.3175447331878059,0.1292740154283693,0.2260198990276316,1,8.0,64,0,,,,1.0,0.0,0.0,0.0,0.01,runs/claim3_noise_0.01,runs/claim3_noise_0.01/claim3_results.csv,96,512,0.3,combined,64
subset_ridge,-0.8603083415815189,0.29439861458731,0.3731659837487548,1,8.0,96,0,,,,0.5,0.0947837851018153,0.0,0.0,0.01,runs/claim3_noise_0.01,runs/claim3_noise_0.01/claim3_results.csv,96,512,0.3,combined,64
first_order_omp,0.4101973459631164,0.0907934298713154,0.2101178474047333,1,8.0,96,0,,2.0,0.5411420300133506,1.0,0.0,0.0,0.0,0.01,runs/claim3_noise_0.01,runs/claim3_noise_0.01/claim3_results.csv,96,512,0.3,combined,64
lifted_omp,0.9982364283046302,0.0090027510797743,0.0114896326010987,1,8.0,96,0,,4.0,0.9971882912247064,1.0,0.0,1.0,10.393045218934247,0.01,runs/claim3_noise_0.01,runs/claim3_noise_0.01/claim3_results.csv,96,512,0.3,combined,64
raw_atp,0.6739198788083007,0.0723677940708932,0.1425420487908666,2,5.0,0,1,,,,1.0,0.0,0.0,0.0,0.01,runs/claim3_noise_0.01,runs/claim3_noise_0.01/claim3_results.csv,96,512,0.3,combined,64
scalar_cal_atp,0.681577747563169,0.0714105928078935,0.1408583315467454,2,5.0,96,1,0.824341683549126,,,1.0,0.0,0.0,0.0,0.01,runs/claim3_noise_0.01,runs/claim3_noise_0.01/claim3_results.csv,96,512,0.3,combined,64
multigain_atp,0.6850679602736272,0.0691874204148662,0.1400842334095768,2,5.0,96,1,,,,1.0,0.0,0.0,0.0,0.01,runs/claim3_noise_0.01,runs/claim3_noise_0.01/claim3_results.csv,96,512,0.3,combined,64
finite_single,0.5710219781674967,0.1063111865704792,0.1634926962024988,2,5.0,64,0,,,,1.0,0.0,0.0,0.0,0.01,runs/claim3_noise_0.01,runs/claim3_noise_0.01/claim3_results.csv,96,512,0.3,combined,64
subset_ridge,-0.2872587133365283,0.2217536491842939,0.2832133720784628,2,5.0,96,0,,,,1.0,0.4998875355243302,0.0,0.0,0.01,runs/claim3_noise_0.01,runs/claim3_noise_0.01/claim3_results.csv,96,512,0.3,combined,64
first_order_omp,0.6851150401149537,0.0691438710070345,0.1400737622774782,2,5.0,96,0,,2.0,0.4810825670232979,1.0,0.0,0.0,0.0,0.01,runs/claim3_noise_0.01,runs/claim3_noise_0.01/claim3_results.csv,96,512,0.3,combined,64
lifted_omp,0.997071202678104,0.0103820292347775,0.013509071311359,2,5.0,96,0,,8.0,0.9988118883479402,1.0,0.0,1.0,6.633328088360118,0.01,runs/claim3_noise_0.01,runs/claim3_noise_0.01/claim3_results.csv,96,512,0.3,combined,64
raw_atp,0.3744847555320477,0.1176852775032062,0.2295945175557373,2,8.0,0,1,,,,1.0,0.0,0.0,0.0,0.01,runs/claim3_noise_0.01,runs/claim3_noise_0.01/claim3_results.csv,96,512,0.3,combined,64
scalar_cal_atp,0.3967784137884349,0.113509551223349,0.2254659695334574,2,8.0,96,1,0.6944455218251457,,,1.0,0.0,0.0,0.0,0.01,runs/claim3_noise_0.01,runs/claim3_noise_0.01/claim3_results.csv,96,512,0.3,combined,64
multigain_atp,0.4055928621750633,0.1088728241851007,0.2238126205056149,2,8.0,96,1,,,,1.0,0.0,0.0,0.0,0.01,runs/claim3_noise_0.01,runs/claim3_noise_0.01/claim3_results.csv,96,512,0.3,combined,64
finite_single,0.3212241377776802,0.1417654055209557,0.2391694799874042,2,8.0,64,0,,,,1.0,0.0,0.0,0.0,0.01,runs/claim3_noise_0.01,runs/claim3_noise_0.01/claim3_results.csv,96,512,0.3,combined,64
subset_ridge,-1.3864861912537365,0.3510292280849426,0.4484582595576915,2,8.0,96,0,,,,0.0,0.790236615450959,0.0,0.0,0.01,runs/claim3_noise_0.01,runs/claim3_noise_0.01/claim3_results.csv,96,512,0.3,combined,64
first_order_omp,0.2873808270244218,0.1495956498257567,0.2450593716677611,2,8.0,96,0,,1.0,0.2323849753934038,0.5,0.0,0.0,0.0,0.01,runs/claim3_noise_0.01,runs/claim3_noise_0.01/claim3_results.csv,96,512,0.3,combined,64
lifted_omp,0.9981399602414064,0.0095310256498742,0.012519981234518,2,8.0,96,0,,4.0,0.9991033636880492,1.0,0.0,1.0,10.497766107932073,0.01,runs/claim3_noise_0.01,runs/claim3_noise_0.01/claim3_results.csv,96,512,0.3,combined,64
raw_atp,0.6566329756079134,0.0917781181261981,0.1514577735172682,0,5.0,0,1,,,,1.0,0.0,0.0,0.0,0.05,runs/claim3_noise_0.05,runs/claim3_noise_0.05/claim3_results.csv,96,512,0.3,combined,64
scalar_cal_atp,0.660647766230398,0.0893780607956051,0.1505697162357386,0,5.0,96,1,0.9051152245741864,,,1.0,0.0,0.0,0.0,0.05,runs/claim3_noise_0.05,runs/claim3_noise_0.05/claim3_results.csv,96,512,0.3,combined,64
multigain_atp,0.669480604943534,0.0881500669118159,0.148597242516964,0,5.0,96,1,,,,1.0,0.0,0.0,0.0,0.05,runs/claim3_noise_0.05,runs/claim3_noise_0.05/claim3_results.csv,96,512,0.3,combined,64
finite_single,0.5835078143376613,0.1141540379579847,0.1668075503319642,0,5.0,64,0,,,,1.0,0.0,0.0,0.0,0.05,runs/claim3_noise_0.05,runs/claim3_noise_0.05/claim3_results.csv,96,512,0.3,combined,64
subset_ridge,0.4396254925566646,0.1439269346850393,0.193486852934506,0,5.0,96,0,,,,1.0,0.1276200796423571,0.0,0.0,0.05,runs/claim3_noise_0.05,runs/claim3_noise_0.05/claim3_results.csv,96,512,0.3,combined,64
first_order_omp,0.6425946270143527,0.1019316769427999,0.1545228872636753,0,5.0,96,0,,8.0,0.7551871456012091,1.0,0.0,0.0,0.0,0.05,runs/claim3_noise_0.05,runs/claim3_noise_0.05/claim3_results.csv,96,512,0.3,combined,64
lifted_omp,0.9612016809875604,0.0407971719803993,0.0509118326729272,0,5.0,96,0,,4.0,0.947080749414706,1.0,0.0,1.0,5.677866280071474,0.05,runs/claim3_noise_0.05,runs/claim3_noise_0.05/claim3_results.csv,96,512,0.3,combined,64
raw_atp,0.3879635857567317,0.1337764670250324,0.2379883738585555,0,8.0,0,1,,,,1.0,0.0,0.0,0.0,0.05,runs/claim3_noise_0.05,runs/claim3_noise_0.05/claim3_results.csv,96,512,0.3,combined,64
scalar_cal_atp,0.4006589537193065,0.1284994440937304,0.2355071632804564,0,8.0,96,1,0.8393313615616387,,,1.0,0.0,0.0,0.0,0.05,runs/claim3_noise_0.05,runs/claim3_noise_0.05/claim3_results.csv,96,512,0.3,combined,64
multigain_atp,0.4234486291802167,0.1238056567304098,0.2309862429673243,0,8.0,96,1,,,,1.0,0.0,0.0,0.0,0.05,runs/claim3_noise_0.05,runs/claim3_noise_0.05/claim3_results.csv,96,512,0.3,combined,64
finite_single,0.3420263256855428,0.1545319193552645,0.2467580726084367,0,8.0,64,0,,,,1.0,0.0,0.0,0.0,0.05,runs/claim3_noise_0.05,runs/claim3_noise_0.05/claim3_results.csv,96,512,0.3,combined,64
subset_ridge,0.0722616105930341,0.213843409111281,0.2930082674326451,0,8.0,96,0,,,,1.0,0.1718847050546398,0.0,0.0,0.05,runs/claim3_noise_0.05,runs/claim3_noise_0.05/claim3_results.csv,96,512,0.3,combined,64
first_order_omp,0.3785188677381877,0.14864293026455,0.2398176178016576,0,8.0,96,0,,7.0,0.5256802824872389,1.0,0.0,0.0,0.0,0.05,runs/claim3_noise_0.05,runs/claim3_noise_0.05/claim3_results.csv,96,512,0.3,combined,64
lifted_omp,0.971900649551227,0.0408180260947732,0.0509935504396598,0,8.0,96,0,,4.0,0.9538955914255453,1.0,0.0,1.0,9.594861807988408,0.05,runs/claim3_noise_0.05,runs/claim3_noise_0.05/claim3_results.csv,96,512,0.3,combined,64
raw_atp,0.6234052078954423,0.0910173779781397,0.1459644465869,1,5.0,0,1,,,,1.0,0.0,0.0,0.0,0.05,runs/claim3_noise_0.05,runs/claim3_noise_0.05/claim3_results.csv,96,512,0.3,combined,64
scalar_cal_atp,0.6337389631948194,0.088404839287985,0.1439478856796776,1,5.0,96,1,0.8876151421260411,,,1.0,0.0,0.0,0.0,0.05,runs/claim3_noise_0.05,runs/claim3_noise_0.05/claim3_results.csv,96,512,0.3,combined,64
multigain_atp,0.6324418287302798,0.0862982385585122,0.1442025602386352,1,5.0,96,1,,,,1.0,0.0,0.0,0.0,0.05,runs/claim3_noise_0.05,runs/claim3_noise_0.05/claim3_results.csv,96,512,0.3,combined,64
finite_single,0.5292849832265812,0.1112859362359161,0.1631882769120664,1,5.0,64,0,,,,1.0,0.0,0.0,0.0,0.05,runs/claim3_noise_0.05,runs/claim3_noise_0.05/claim3_results.csv,96,512,0.3,combined,64
subset_ridge,-0.0244532307161498,0.1881651194524788,0.240744291654529,1,5.0,96,0,,,,1.0,0.0052654743531458,0.0,0.0,0.05,runs/claim3_noise_0.05,runs/claim3_noise_0.05/claim3_results.csv,96,512,0.3,combined,64
first_order_omp,0.5561190378186921,0.1057560239902527,0.1584685884366035,1,5.0,96,0,,5.0,0.6983246953534978,1.0,0.0,0.0,0.0,0.05,runs/claim3_noise_0.05,runs/claim3_noise_0.05/claim3_results.csv,96,512,0.3,combined,64
lifted_omp,0.9534071306287916,0.0405087383844719,0.0513416306970849,1,5.0,96,0,,4.0,0.9299131117580776,1.0,0.0,1.0,6.374147858363958,0.05,runs/claim3_noise_0.05,runs/claim3_noise_0.05/claim3_results.csv,96,512,0.3,combined,64
raw_atp,0.3538339467598941,0.1302838603712304,0.2239511402084603,1,8.0,0,1,,,,1.0,0.0,0.0,0.0,0.05,runs/claim3_noise_0.05,runs/claim3_noise_0.05/claim3_results.csv,96,512,0.3,combined,64
scalar_cal_atp,0.3770093560844312,0.1237972428052475,0.2198983501665165,1,8.0,96,1,0.8147206283733726,,,1.0,0.0,0.0,0.0,0.05,runs/claim3_noise_0.05,runs/claim3_noise_0.05/claim3_results.csv,96,512,0.3,combined,64
multigain_atp,0.3800927468259838,0.1169468886788838,0.2193534996305588,1,8.0,96,1,,,,1.0,0.0,0.0,0.0,0.05,runs/claim3_noise_0.05,runs/claim3_noise_0.05/claim3_results.csv,96,512,0.3,combined,64
finite_single,0.3003673283846575,0.1446246072656086,0.2330323687698371,1,8.0,64,0,,,,1.0,0.0,0.0,0.0,0.05,runs/claim3_noise_0.05,runs/claim3_noise_0.05/claim3_results.csv,96,512,0.3,combined,64
subset_ridge,-0.8008885649162978,0.2924719978306667,0.3738734529517721,1,8.0,96,0,,,,0.5,0.045435037450494,0.0,0.0,0.05,runs/claim3_noise_0.05,runs/claim3_noise_0.05/claim3_results.csv,96,512,0.3,combined,64
first_order_omp,0.2334692389009326,0.1569590177685677,0.2439192088369212,1,8.0,96,0,,5.0,0.5566814710548755,1.0,0.0,0.0,0.0,0.05,runs/claim3_noise_0.05,runs/claim3_noise_0.05/claim3_results.csv,96,512,0.3,combined,64
lifted_omp,0.9625738180160328,0.0428569166677131,0.0538975434446504,1,8.0,96,0,,5.0,0.9440520594198264,1.0,0.0,1.0,10.24518924630962,0.05,runs/claim3_noise_0.05,runs/claim3_noise_0.05/claim3_results.csv,96,512,0.3,combined,64
raw_atp,0.6474756464882243,0.0909898662261569,0.1501023199254225,2,5.0,0,1,,,,1.0,0.0,0.0,0.0,0.05,runs/claim3_noise_0.05,runs/claim3_noise_0.05/claim3_results.csv,96,512,0.3,combined,64
scalar_cal_atp,0.6524472844049958,0.0924019911314812,0.1490401178456397,2,5.0,96,1,0.7905295823834252,,,1.0,0.0,0.0,0.0,0.05,runs/claim3_noise_0.05,runs/claim3_noise_0.05/claim3_results.csv,96,512,0.3,combined,64
multigain_atp,0.6564821092282187,0.0904612219289714,0.1481724706482227,2,5.0,96,1,,,,1.0,0.0,0.0,0.0,0.05,runs/claim3_noise_0.05,runs/claim3_noise_0.05/claim3_results.csv,96,512,0.3,combined,64
finite_single,0.5546139651280355,0.1173672482238809,0.1687178917549107,2,5.0,64,0,,,,1.0,0.0,0.0,0.0,0.05,runs/claim3_noise_0.05,runs/claim3_noise_0.05/claim3_results.csv,96,512,0.3,combined,64
subset_ridge,-0.6277947088955587,0.2543596113733519,0.3225467411964433,2,5.0,96,0,,,,0.5,0.557240846585345,0.0,0.0,0.05,runs/claim3_noise_0.05,runs/claim3_noise_0.05/claim3_results.csv,96,512,0.3,combined,64
first_order_omp,0.6565515849788559,0.0904323039874918,0.1481574861096354,2,5.0,96,0,,2.0,0.429504891925571,1.0,0.0,0.0,0.0,0.05,runs/claim3_noise_0.05,runs/claim3_noise_0.05/claim3_results.csv,96,512,0.3,combined,64
lifted_omp,0.9334044922433336,0.0505594965998043,0.0652402038620505,2,5.0,96,0,,11.0,0.964852857847104,1.0,0.0,1.0,7.074107996201477,0.05,runs/claim3_noise_0.05,runs/claim3_noise_0.05/claim3_results.csv,96,512,0.3,combined,64
raw_atp,0.3602919951111393,0.1345498773875327,0.2343622412554487,2,8.0,0,1,,,,1.0,0.0,0.0,0.0,0.05,runs/claim3_noise_0.05,runs/claim3_noise_0.05/claim3_results.csv,96,512,0.3,combined,64
scalar_cal_atp,0.3798534667646859,0.1324572562333905,0.23075116912779,2,8.0,96,1,0.6606334206594451,,,1.0,0.0,0.0,0.0,0.05,runs/claim3_noise_0.05,runs/claim3_noise_0.05/claim3_results.csv,96,512,0.3,combined,64
multigain_atp,0.3901977125763006,0.1269589833280283,0.2288185738940467,2,8.0,96,1,,,,1.0,0.0,0.0,0.0,0.05,runs/claim3_noise_0.05,runs/claim3_noise_0.05/claim3_results.csv,96,512,0.3,combined,64
finite_single,0.3142932772007619,0.1534119760715879,0.2426419869569337,2,8.0,64,0,,,,1.0,0.0,0.0,0.0,0.05,runs/claim3_noise_0.05,runs/claim3_noise_0.05/claim3_results.csv,96,512,0.3,combined,64
subset_ridge,-1.7280476412057122,0.380507929131307,0.4839747734027703,2,8.0,96,0,,,,0.0,0.8475899265119735,0.0,0.0,0.05,runs/claim3_noise_0.05,runs/claim3_noise_0.05/claim3_results.csv,96,512,0.3,combined,64
first_order_omp,0.3902552345278205,0.1269288315793979,0.2288077815424996,2,8.0,96,0,,2.0,0.1965058778354559,1.0,0.0,0.0,0.0,0.05,runs/claim3_noise_0.05,runs/claim3_noise_0.05/claim3_results.csv,96,512,0.3,combined,64
lifted_omp,0.9679476707165424,0.0410628367410926,0.0524597900130773,2,8.0,96,0,,4.0,0.9798643159864938,1.0,0.0,1.0,10.897410022349291,0.05,runs/claim3_noise_0.05,runs/claim3_noise_0.05/claim3_results.csv,96,512,0.3,combined,64
raw_atp,0.6058624288710395,0.120730707034427,0.1702055878526452,0,5.0,0,1,,,,1.0,0.0,0.0,0.0,0.1,runs/claim3_noise_0.1,runs/claim3_noise_0.1/claim3_results.csv,96,512,0.3,combined,64
scalar_cal_atp,0.6068766507957035,0.1187358047934905,0.1699864544229765,0,5.0,96,1,0.8767578862227696,,,1.0,0.0,0.0,0.0,0.1,runs/claim3_noise_0.1,runs/claim3_noise_0.1/claim3_results.csv,96,512,0.3,combined,64
multigain_atp,0.6117013191137655,0.1187377705156092,0.1689401414636709,0,5.0,96,1,,,,1.0,0.0,0.0,0.0,0.1,runs/claim3_noise_0.1,runs/claim3_noise_0.1/claim3_results.csv,96,512,0.3,combined,64
finite_single,0.5325764804546513,0.1364887074338898,0.1853553716445481,0,5.0,64,0,,,,1.0,0.0,0.0,0.0,0.1,runs/claim3_noise_0.1,runs/claim3_noise_0.1/claim3_results.csv,96,512,0.3,combined,64
subset_ridge,0.1766645985354931,0.1925372857130863,0.2460018032757024,0,5.0,96,0,,,,1.0,0.181002502474936,0.0,0.0,0.1,runs/claim3_noise_0.1,runs/claim3_noise_0.1/claim3_results.csv,96,512,0.3,combined,64
first_order_omp,0.5589085815926376,0.1350138376952693,0.1800587372721779,0,5.0,96,0,,6.0,0.590387200271869,1.0,0.0,0.0,0.0,0.1,runs/claim3_noise_0.1,runs/claim3_noise_0.1/claim3_results.csv,96,512,0.3,combined,64
lifted_omp,0.7143090926626732,0.1051352497902841,0.1449099161291627,0,5.0,96,0,,4.0,0.7175728443653393,1.0,0.0,0.5,2.308249106476601,0.1,runs/claim3_noise_0.1,runs/claim3_noise_0.1/claim3_results.csv,96,512,0.3,combined,64
raw_atp,0.3699337709148619,0.1603178952606594,0.2495481673918063,0,8.0,0,1,,,,1.0,0.0,0.0,0.0,0.1,runs/claim3_noise_0.1,runs/claim3_noise_0.1/claim3_results.csv,96,512,0.3,combined,64
scalar_cal_atp,0.3796689494595952,0.155483862340606,0.2476127729590743,0,8.0,96,1,0.8109740232102223,,,1.0,0.0,0.0,0.0,0.1,runs/claim3_noise_0.1,runs/claim3_noise_0.1/claim3_results.csv,96,512,0.3,combined,64
multigain_atp,0.3973453391892176,0.1530486400554384,0.2440594023636292,0,8.0,96,1,,,,1.0,0.0,0.0,0.0,0.1,runs/claim3_noise_0.1,runs/claim3_noise_0.1/claim3_results.csv,96,512,0.3,combined,64
finite_single,0.3210388580024905,0.1749325038825366,0.2590500875849916,0,8.0,64,0,,,,1.0,0.0,0.0,0.0,0.1,runs/claim3_noise_0.1,runs/claim3_noise_0.1/claim3_results.csv,96,512,0.3,combined,64
subset_ridge,-0.0736752841916548,0.2459763038109397,0.325760003929709,0,8.0,96,0,,,,1.0,0.2252671278872192,0.0,0.0,0.1,runs/claim3_noise_0.1,runs/claim3_noise_0.1/claim3_results.csv,96,512,0.3,combined,64
first_order_omp,0.3505568284202456,0.1745891126433499,0.2533563892987661,0,8.0,96,0,,7.0,0.3288294541912273,0.5,0.0,0.0,0.0,0.1,runs/claim3_noise_0.1,runs/claim3_noise_0.1/claim3_results.csv,96,512,0.3,combined,64
lifted_omp,0.8954773990325333,0.081459033227519,0.1016404052089655,0,8.0,96,0,,4.0,0.8267269250198878,1.0,0.0,1.0,8.748749429984652,0.1,runs/claim3_noise_0.1,runs/claim3_noise_0.1/claim3_results.csv,96,512,0.3,combined,64
raw_atp,0.5298616117599775,0.1247690369853424,0.1727489253940394,1,5.0,0,1,,,,1.0,0.0,0.0,0.0,0.1,runs/claim3_noise_0.1,runs/claim3_noise_0.1/claim3_results.csv,96,512,0.3,combined,64
scalar_cal_atp,0.5421242556125418,0.1223140333732319,0.1704811303646225,1,5.0,96,1,0.8554461070666312,,,1.0,0.0,0.0,0.0,0.1,runs/claim3_noise_0.1,runs/claim3_noise_0.1/claim3_results.csv,96,512,0.3,combined,64
multigain_atp,0.5338265524047688,0.1218377624263025,0.1720189387626682,1,5.0,96,1,,,,1.0,0.0,0.0,0.0,0.1,runs/claim3_noise_0.1,runs/claim3_noise_0.1/claim3_results.csv,96,512,0.3,combined,64
finite_single,0.4594159899732672,0.1366974799273739,0.1852397111779746,1,5.0,64,0,,,,1.0,0.0,0.0,0.0,0.1,runs/claim3_noise_0.1,runs/claim3_noise_0.1/claim3_results.csv,96,512,0.3,combined,64
subset_ridge,-0.2573883210574961,0.2195960770381784,0.2825122009051977,1,5.0,96,0,,,,1.0,0.0564204602110058,0.0,0.0,0.1,runs/claim3_noise_0.1,runs/claim3_noise_0.1/claim3_results.csv,96,512,0.3,combined,64
first_order_omp,0.4632111211007769,0.1346688268113397,0.1845883349005736,1,5.0,96,0,,3.0,0.5607962248920608,1.0,0.0,0.0,0.0,0.1,runs/claim3_noise_0.1,runs/claim3_noise_0.1/claim3_results.csv,96,512,0.3,combined,64
lifted_omp,0.8344185435652887,0.0807399647418341,0.1025199407587335,1,5.0,96,0,,4.0,0.7425526944209497,1.0,0.0,1.0,6.23996292177644,0.1,runs/claim3_noise_0.1,runs/claim3_noise_0.1/claim3_results.csv,96,512,0.3,combined,64
raw_atp,0.3024395194293231,0.1607231376628725,0.2440465113231766,1,8.0,0,1,,,,1.0,0.0,0.0,0.0,0.1,runs/claim3_noise_0.1,runs/claim3_noise_0.1/claim3_results.csv,96,512,0.3,combined,64
scalar_cal_atp,0.3276308536812174,0.1555870028325864,0.2395993071104977,1,8.0,96,1,0.7825515933139625,,,1.0,0.0,0.0,0.0,0.1,runs/claim3_noise_0.1,runs/claim3_noise_0.1/claim3_results.csv,96,512,0.3,combined,64
multigain_atp,0.3250245839035313,0.1521599533708011,0.2400632311806085,1,8.0,96,1,,,,1.0,0.0,0.0,0.0,0.1,runs/claim3_noise_0.1,runs/claim3_noise_0.1/claim3_results.csv,96,512,0.3,combined,64
finite_single,0.2663549326438544,0.1679193844436859,0.2502791495647984,1,8.0,64,0,,,,1.0,0.0,0.0,0.0,0.1,runs/claim3_noise_0.1,runs/claim3_noise_0.1/claim3_results.csv,96,512,0.3,combined,64
subset_ridge,-0.8454918649162555,0.3095513873289229,0.3969517648892939,1,8.0,96,0,,,,0.5,0.0162508971136574,0.0,0.0,0.1,runs/claim3_noise_0.1,runs/claim3_noise_0.1/claim3_results.csv,96,512,0.3,combined,64
first_order_omp,0.2250562393585978,0.1750458388798662,0.2572271243604771,1,8.0,96,0,,4.0,0.4749584874370689,1.0,0.0,0.0,0.0,0.1,runs/claim3_noise_0.1,runs/claim3_noise_0.1/claim3_results.csv,96,512,0.3,combined,64
lifted_omp,0.8769365289581004,0.080766978804883,0.1025052831926026,1,8.0,96,0,,4.0,0.7803052554314506,1.0,0.0,1.0,10.151512333076711,0.1,runs/claim3_noise_0.1,runs/claim3_noise_0.1/claim3_results.csv,96,512,0.3,combined,64
raw_atp,0.5789839672695277,0.1199649960687909,0.1718451845170315,2,5.0,0,1,,,,1.0,0.0,0.0,0.0,0.1,runs/claim3_noise_0.1,runs/claim3_noise_0.1/claim3_results.csv,96,512,0.3,combined,64
scalar_cal_atp,0.5790468189783526,0.1224018930225718,0.1718323570166624,2,5.0,96,1,0.7482644559262992,,,1.0,0.0,0.0,0.0,0.1,runs/claim3_noise_0.1,runs/claim3_noise_0.1/claim3_results.csv,96,512,0.3,combined,64
multigain_atp,0.5806563222053058,0.1220048420738203,0.171503544203676,2,5.0,96,1,,,,1.0,0.0,0.0,0.0,0.1,runs/claim3_noise_0.1,runs/claim3_noise_0.1/claim3_results.csv,96,512,0.3,combined,64
finite_single,0.5028628294754245,0.1375992521997542,0.1867351898662228,2,5.0,64,0,,,,1.0,0.0,0.0,0.0,0.1,runs/claim3_noise_0.1,runs/claim3_noise_0.1/claim3_results.csv,96,512,0.3,combined,64
subset_ridge,-1.1311332675298194,0.3065717312231688,0.3866280452984555,2,5.0,96,0,,,,0.0,0.6289324854116126,0.0,0.0,0.1,runs/claim3_noise_0.1,runs/claim3_noise_0.1/claim3_results.csv,96,512,0.3,combined,64
first_order_omp,0.5807430864132013,0.1219839548167341,0.1714858008350067,2,5.0,96,0,,2.0,0.3439219258972252,1.0,0.0,0.0,0.0,0.1,runs/claim3_noise_0.1,runs/claim3_noise_0.1/claim3_results.csv,96,512,0.3,combined,64
lifted_omp,-0.11766532268605,0.2149436860014022,0.2799909136521779,2,5.0,96,0,,1.0,-0.2936368488877565,0.5,0.0,0.5,0.0,0.1,runs/claim3_noise_0.1,runs/claim3_noise_0.1/claim3_results.csv,96,512,0.3,combined,64
raw_atp,0.3274305635780717,0.1591481811074292,0.2488476535902788,2,8.0,0,1,,,,1.0,0.0,0.0,0.0,0.1,runs/claim3_noise_0.1,runs/claim3_noise_0.1/claim3_results.csv,96,512,0.3,combined,64
scalar_cal_atp,0.3417291977806812,0.1601948767403005,0.2461882279636659,2,8.0,96,1,0.6183682942023192,,,1.0,0.0,0.0,0.0,0.1,runs/claim3_noise_0.1,runs/claim3_noise_0.1/claim3_results.csv,96,512,0.3,combined,64
multigain_atp,0.3512256985998726,0.1569244454697661,0.244405967484247,2,8.0,96,1,,,,1.0,0.0,0.0,0.0,0.1,runs/claim3_noise_0.1,runs/claim3_noise_0.1/claim3_results.csv,96,512,0.3,combined,64
finite_single,0.2918518784910641,0.171566755671747,0.2553448128677017,2,8.0,64,0,,,,1.0,0.0,0.0,0.0,0.1,runs/claim3_noise_0.1,runs/claim3_noise_0.1/claim3_results.csv,96,512,0.3,combined,64
subset_ridge,-2.1636930943732025,0.4268269110746334,0.5397121058356663,2,8.0,96,0,,,,0.0,0.9192815653382412,0.0,0.0,0.1,runs/claim3_noise_0.1,runs/claim3_noise_0.1/claim3_results.csv,96,512,0.3,combined,64
first_order_omp,0.206532173156166,0.1904271357415933,0.2702897939165695,2,8.0,96,0,,2.0,0.0174400902027948,0.5,0.0,0.0,0.0,0.1,runs/claim3_noise_0.1,runs/claim3_noise_0.1/claim3_results.csv,96,512,0.3,combined,64
lifted_omp,0.8829514060945779,0.0811826106392084,0.1038121263542367,2,8.0,96,0,,4.0,0.924573681248556,1.0,0.0,1.0,11.396964915370816,0.1,runs/claim3_noise_0.1,runs/claim3_noise_0.1/claim3_results.csv,96,512,0.3,combined,64
raw_atp,0.45792017732765,0.182549490318653,0.2329590769773473,0,5.0,0,1,,,,1.0,0.0,0.0,0.0,0.2,runs/claim3_noise_0.2,runs/claim3_noise_0.2/claim3_results.csv,96,512,0.3,combined,64
scalar_cal_atp,0.4510197248161511,0.1817912270743086,0.2344371245900513,0,5.0,96,1,0.8200432095199366,,,1.0,0.0,0.0,0.0,0.2,runs/claim3_noise_0.2,runs/claim3_noise_0.2/claim3_results.csv,96,512,0.3,combined,64
multigain_atp,0.4487115504303335,0.183073776308962,0.2349294502706956,0,5.0,96,1,,,,1.0,0.0,0.0,0.0,0.2,runs/claim3_noise_0.2,runs/claim3_noise_0.2/claim3_results.csv,96,512,0.3,combined,64
finite_single,0.3940989965822694,0.1928072284484138,0.2462911755461903,0,5.0,64,0,,,,1.0,0.0,0.0,0.0,0.2,runs/claim3_noise_0.2,runs/claim3_noise_0.2/claim3_results.csv,96,512,0.3,combined,64
subset_ridge,-0.6196774827044123,0.3233569197164199,0.4026820659014562,0,5.0,96,0,,,,1.0,0.2877673481400937,0.0,0.0,0.2,runs/claim3_noise_0.2,runs/claim3_noise_0.2/claim3_results.csv,96,512,0.3,combined,64
first_order_omp,0.3354386391156638,0.2027300064689577,0.2579381372483948,0,5.0,96,0,,2.0,0.0292841979168733,0.5,0.0,0.0,0.0,0.2,runs/claim3_noise_0.2,runs/claim3_noise_0.2/claim3_results.csv,96,512,0.3,combined,64
lifted_omp,0.3485473165508171,0.2003853142043312,0.255381512319127,0,5.0,96,0,,1.0,0.4100281129808358,0.5,0.0,1.0,0.0,0.2,runs/claim3_noise_0.2,runs/claim3_noise_0.2/claim3_results.csv,96,512,0.3,combined,64
raw_atp,0.3037921491925229,0.2186814552392552,0.2945928560184514,0,8.0,0,1,,,,1.0,0.0,0.0,0.0,0.2,runs/claim3_noise_0.2,runs/claim3_noise_0.2/claim3_results.csv,96,512,0.3,combined,64
scalar_cal_atp,0.305066739456666,0.2148385683120502,0.2943230679090921,0,8.0,96,1,0.754259346507389,,,1.0,0.0,0.0,0.0,0.2,runs/claim3_noise_0.2,runs/claim3_noise_0.2/claim3_results.csv,96,512,0.3,combined,64
multigain_atp,0.3123554718845586,0.2148662487561606,0.292775511517686,0,8.0,96,1,,,,1.0,0.0,0.0,0.0,0.2,runs/claim3_noise_0.2,runs/claim3_noise_0.2/claim3_results.csv,96,512,0.3,combined,64
finite_single,0.2556923743794012,0.2264100134405917,0.3045993602972183,0,8.0,64,0,,,,1.0,0.0,0.0,0.0,0.2,runs/claim3_noise_0.2,runs/claim3_noise_0.2/claim3_results.csv,96,512,0.3,combined,64
subset_ridge,-0.6215114809712183,0.3554660559739792,0.4495859873083925,0,8.0,96,0,,,,0.5,0.3320319735523768,0.0,0.0,0.2,runs/claim3_noise_0.2,runs/claim3_noise_0.2/claim3_results.csv,96,512,0.3,combined,64
first_order_omp,0.1920901919932319,0.2444433985264366,0.317346850792315,0,8.0,96,0,,4.0,0.0990435950248005,0.5,0.0,0.0,0.0,0.2,runs/claim3_noise_0.2,runs/claim3_noise_0.2/claim3_results.csv,96,512,0.3,combined,64
lifted_omp,0.2734271621382185,0.2232614652001586,0.3009486030755743,0,8.0,96,0,,1.0,0.3566873259881277,0.5,0.0,1.0,0.0,0.2,runs/claim3_noise_0.2,runs/claim3_noise_0.2/claim3_results.csv,96,512,0.3,combined,64
raw_atp,0.331224388064092,0.1951539786192947,0.2475634965130869,1,5.0,0,1,,,,1.0,0.0,0.0,0.0,0.2,runs/claim3_noise_0.2,runs/claim3_noise_0.2/claim3_results.csv,96,512,0.3,combined,64
scalar_cal_atp,0.3443312397113219,0.1923394822554406,0.2451255833307401,1,5.0,96,1,0.791108036947811,,,1.0,0.0,0.0,0.0,0.2,runs/claim3_noise_0.2,runs/claim3_noise_0.2/claim3_results.csv,96,512,0.3,combined,64
multigain_atp,0.3193754242028972,0.1937218424852481,0.2497469581911557,1,5.0,96,1,,,,1.0,0.0,0.0,0.0,0.2,runs/claim3_noise_0.2,runs/claim3_noise_0.2/claim3_results.csv,96,512,0.3,combined,64
finite_single,0.3010515275802415,0.1977337535440436,0.2530864967063212,1,5.0,64,0,,,,1.0,0.0,0.0,0.0,0.2,runs/claim3_noise_0.2,runs/claim3_noise_0.2/claim3_results.csv,96,512,0.3,combined,64
subset_ridge,-0.970932991903764,0.3337992046990122,0.4249935352399978,1,5.0,96,0,,,,0.5,0.1797923293393081,0.0,0.0,0.2,runs/claim3_noise_0.2,runs/claim3_noise_0.2/claim3_results.csv,96,512,0.3,combined,64
first_order_omp,0.1859311100289036,0.2140238392289609,0.2731347599935283,1,5.0,96,0,,3.0,0.3354369693725583,0.5,0.0,0.0,0.0,0.2,runs/claim3_noise_0.2,runs/claim3_noise_0.2/claim3_results.csv,96,512,0.3,combined,64
lifted_omp,0.3598742421808476,0.1905502916610768,0.242202736518523,1,5.0,96,0,,2.0,0.1645120632015838,0.5,0.0,1.0,4.0986436863855875,0.2,runs/claim3_noise_0.2,runs/claim3_noise_0.2/claim3_results.csv,96,512,0.3,combined,64
raw_atp,0.1954707112756375,0.2286346896241455,0.3045327948381588,1,8.0,0,1,,,,1.0,0.0,0.0,0.0,0.2,runs/claim3_noise_0.2,runs/claim3_noise_0.2/claim3_results.csv,96,512,0.3,combined,64
scalar_cal_atp,0.2205435822858958,0.2238054375889808,0.2997499071674858,1,8.0,96,1,0.7182135231951424,,,1.0,0.0,0.0,0.0,0.2,runs/claim3_noise_0.2,runs/claim3_noise_0.2/claim3_results.csv,96,512,0.3,combined,64
multigain_atp,0.2031943112111418,0.2234148238538932,0.3030674896778954,1,8.0,96,1,,,,1.0,0.0,0.0,0.0,0.2,runs/claim3_noise_0.2,runs/claim3_noise_0.2/claim3_results.csv,96,512,0.3,combined,64
finite_single,0.1872908380291335,0.2279613381469951,0.306077014488041,1,8.0,64,0,,,,1.0,0.0,0.0,0.0,0.2,runs/claim3_noise_0.2,runs/claim3_noise_0.2/claim3_results.csv,96,512,0.3,combined,64
subset_ridge,-1.170897391502992,0.390887847623926,0.5002450352031396,1,8.0,96,0,,,,0.5,0.1396227662419591,0.0,0.0,0.2,runs/claim3_noise_0.2,runs/claim3_noise_0.2/claim3_results.csv,96,512,0.3,combined,64
first_order_omp,0.0311489122840817,0.2527724637160662,0.3341886179362702,1,8.0,96,0,,2.0,0.3053756171645055,0.5,0.0,0.0,0.0,0.2,runs/claim3_noise_0.2,runs/claim3_noise_0.2/claim3_results.csv,96,512,0.3,combined,64
lifted_omp,0.4803883966016696,0.1982995375692613,0.2447386493918436,1,8.0,96,0,,6.0,0.3687327408201509,0.5,0.0,1.0,9.648649456021888,0.2,runs/claim3_noise_0.2,runs/claim3_noise_0.2/claim3_results.csv,96,512,0.3,combined,64
raw_atp,0.4038039741346814,0.1843873327181776,0.2400953932444044,2,5.0,0,1,,,,1.0,0.0,0.0,0.0,0.2,runs/claim3_noise_0.2,runs/claim3_noise_0.2/claim3_results.csv,96,512,0.3,combined,64
scalar_cal_atp,0.3934356169539899,0.1880994626142327,0.2421741262567713,2,5.0,96,1,0.6637342030120476,,,1.0,0.0,0.0,0.0,0.2,runs/claim3_noise_0.2,runs/claim3_noise_0.2/claim3_results.csv,96,512,0.3,combined,64
multigain_atp,0.3848651406084941,0.1894132611434251,0.2438790296338386,2,5.0,96,1,,,,1.0,0.0,0.0,0.0,0.2,runs/claim3_noise_0.2,runs/claim3_noise_0.2/claim3_results.csv,96,512,0.3,combined,64
finite_single,0.3609062757134401,0.1936687836991782,0.2485830803429199,2,5.0,64,0,,,,1.0,0.0,0.0,0.0,0.2,runs/claim3_noise_0.2,runs/claim3_noise_0.2/claim3_results.csv,96,512,0.3,combined,64
subset_ridge,-2.0259418756807683,0.431133020291658,0.5409032359725626,2,5.0,96,0,,,,0.0,0.7723157630641486,0.0,0.0,0.2,runs/claim3_noise_0.2,runs/claim3_noise_0.2/claim3_results.csv,96,512,0.3,combined,64
first_order_omp,0.3415694032654173,0.1981580078517248,0.2523157093598814,2,5.0,96,0,,3.0,0.022422173024268,1.0,0.0,0.0,0.0,0.2,runs/claim3_noise_0.2,runs/claim3_noise_0.2/claim3_results.csv,96,512,0.3,combined,64
lifted_omp,-0.0357402368998456,0.2490507415326344,0.3164570045957287,2,5.0,96,0,,1.0,-0.3280508239043058,0.5,0.0,0.5,0.0,0.2,runs/claim3_noise_0.2,runs/claim3_noise_0.2/claim3_results.csv,96,512,0.3,combined,64
raw_atp,0.2407264035562376,0.2177933702667139,0.3000650800504837,2,8.0,0,1,,,,1.0,0.0,0.0,0.0,0.2,runs/claim3_noise_0.2,runs/claim3_noise_0.2/claim3_results.csv,96,512,0.3,combined,64
scalar_cal_atp,0.2424988039141187,0.2213259141373852,0.2997146489336075,2,8.0,96,1,0.5338380412880673,,,1.0,0.0,0.0,0.0,0.2,runs/claim3_noise_0.2,runs/claim3_noise_0.2/claim3_results.csv,96,512,0.3,combined,64
multigain_atp,0.2441446444888045,0.2210871969219128,0.2993888733667211,2,8.0,96,1,,,,1.0,0.0,0.0,0.0,0.2,runs/claim3_noise_0.2,runs/claim3_noise_0.2/claim3_results.csv,96,512,0.3,combined,64
finite_single,0.2244638394099238,0.2245637772699787,0.3032615391582032,2,8.0,64,0,,,,1.0,0.0,0.0,0.0,0.2,runs/claim3_noise_0.2,runs/claim3_noise_0.2/claim3_results.csv,96,512,0.3,combined,64
subset_ridge,-2.858891689217983,0.5368329521082662,0.6764685387664001,2,8.0,96,0,,,,0.0,1.0626648429907763,0.0,0.0,0.2,runs/claim3_noise_0.2,runs/claim3_noise_0.2/claim3_results.csv,96,512,0.3,combined,64
first_order_omp,-0.0483462628070701,0.2698286101585453,0.3525889392915686,2,8.0,96,0,,1.0,-0.0987337429955579,0.5,0.0,0.0,0.0,0.2,runs/claim3_noise_0.2,runs/claim3_noise_0.2/claim3_results.csv,96,512,0.3,combined,64
lifted_omp,0.3835888649948278,0.2082311618276944,0.2703656703998635,2,8.0,96,0,,7.0,0.7258377817800867,0.5,0.0,1.0,12.159960947599586,0.2,runs/claim3_noise_0.2,runs/claim3_noise_0.2/claim3_results.csv,96,512,0.3,combined,64
raw_atp,0.3265162892691247,0.2490996163788418,0.3118043407266129,0,5.0,0,1,,,,1.0,0.0,0.0,0.0,0.3,runs/claim3_noise_0.3,runs/claim3_noise_0.3/claim3_results.csv,96,512,0.3,combined,64
scalar_cal_atp,0.3129369524428552,0.2494987744315659,0.3149320821645937,0,5.0,96,1,0.7633285328171037,,,1.0,0.0,0.0,0.0,0.3,runs/claim3_noise_0.3,runs/claim3_noise_0.3/claim3_results.csv,96,512,0.3,combined,64
multigain_atp,0.3062189453690512,0.2516255724200836,0.3164680178404545,0,5.0,96,1,,,,1.0,0.0,0.0,0.0,0.3,runs/claim3_noise_0.3,runs/claim3_noise_0.3/claim3_results.csv,96,512,0.3,combined,64
finite_single,0.2753087809300663,0.2576026828476251,0.3234410277721535,0,5.0,64,0,,,,1.0,0.0,0.0,0.0,0.3,runs/claim3_noise_0.3,runs/claim3_noise_0.3/claim3_results.csv,96,512,0.3,combined,64
subset_ridge,-1.3397408802868034,0.4696963471450972,0.5811690665750598,0,5.0,96,0,,,,0.0,0.394532193805252,0.0,0.0,0.3,runs/claim3_noise_0.3,runs/claim3_noise_0.3/claim3_results.csv,96,512,0.3,combined,64
first_order_omp,0.2166492058461423,0.268438335804858,0.3362766813713126,0,5.0,96,0,,2.0,-0.0508283352276803,0.5,0.0,0.0,0.0,0.3,runs/claim3_noise_0.3,runs/claim3_noise_0.3/claim3_results.csv,96,512,0.3,combined,64
lifted_omp,0.2387349175815083,0.2647086577118889,0.3315023136772391,0,5.0,96,0,,1.0,0.2573369756844467,0.5,0.0,1.0,0.0,0.3,runs/claim3_noise_0.3,runs/claim3_noise_0.3/claim3_results.csv,96,512,0.3,combined,64
raw_atp,0.2329122267550465,0.2805261807779681,0.3590928009937738,0,8.0,0,1,,,,1.0,0.0,0.0,0.0,0.3,runs/claim3_noise_0.3,runs/claim3_noise_0.3/claim3_results.csv,96,512,0.3,combined,64
scalar_cal_atp,0.2260800423861702,0.2778067603975517,0.3606884134070244,0,8.0,96,1,0.697544669804556,,,1.0,0.0,0.0,0.0,0.3,runs/claim3_noise_0.3,runs/claim3_noise_0.3/claim3_results.csv,96,512,0.3,combined,64
multigain_atp,0.2255865193265972,0.2795235563851769,0.360803399251507,0,8.0,96,1,,,,1.0,0.0,0.0,0.0,0.3,runs/claim3_noise_0.3,runs/claim3_noise_0.3/claim3_results.csv,96,512,0.3,combined,64
finite_single,0.1903246678601204,0.2860851192440441,0.3689263051736813,0,8.0,64,0,,,,1.0,0.0,0.0,0.0,0.3,runs/claim3_noise_0.3,runs/claim3_noise_0.3/claim3_results.csv,96,512,0.3,combined,64
subset_ridge,-1.21358527418385,0.489181567754463,0.6100034578337523,0,8.0,96,0,,,,0.0,0.4387968192175341,0.0,0.0,0.3,runs/claim3_noise_0.3,runs/claim3_noise_0.3/claim3_results.csv,96,512,0.3,combined,64
first_order_omp,0.0350959403393682,0.3238378284486011,0.402741362652092,0,8.0,96,0,,5.0,0.0511220192899749,0.5,0.0,0.0,0.0,0.3,runs/claim3_noise_0.3,runs/claim3_noise_0.3/claim3_results.csv,96,512,0.3,combined,64
lifted_omp,0.2003523959370163,0.2848365632443618,0.3666346343983461,0,8.0,96,0,,1.0,0.2306272187737109,0.5,0.0,1.0,0.0,0.3,runs/claim3_noise_0.3,runs/claim3_noise_0.3/claim3_results.csv,96,512,0.3,combined,64
raw_atp,0.194761449278299,0.2690905818854362,0.3345090616736116,1,5.0,0,1,,,,1.0,0.0,0.0,0.0,0.3,runs/claim3_noise_0.3,runs/claim3_noise_0.3/claim3_results.csv,96,512,0.3,combined,64
scalar_cal_atp,0.2067857525290704,0.2653917871175598,0.3320021230903809,1,5.0,96,1,0.726769966828991,,,1.0,0.0,0.0,0.0,0.3,runs/claim3_noise_0.3,runs/claim3_noise_0.3/claim3_results.csv,96,512,0.3,combined,64
multigain_atp,0.1694693804928083,0.2677216263066722,0.339721812123217,1,5.0,96,1,,,,1.0,0.0,0.0,0.0,0.3,runs/claim3_noise_0.3,runs/claim3_noise_0.3/claim3_results.csv,96,512,0.3,combined,64
finite_single,0.1871433058652041,0.2662818727527349,0.3360876864567388,1,5.0,64,0,,,,1.0,0.0,0.0,0.0,0.3,runs/claim3_noise_0.3,runs/claim3_noise_0.3/claim3_results.csv,96,512,0.3,combined,64
subset_ridge,-1.5730592107563195,0.4720355141290066,0.5979577484425234,1,5.0,96,0,,,,0.5,0.3031641984676093,0.0,0.0,0.3,runs/claim3_noise_0.3,runs/claim3_noise_0.3/claim3_results.csv,96,512,0.3,combined,64
first_order_omp,-0.0368925295392663,0.299897555252375,0.3795880052943647,1,5.0,96,0,,2.0,0.2046929773532538,0.5,0.0,0.0,0.0,0.3,runs/claim3_noise_0.3,runs/claim3_noise_0.3/claim3_results.csv,96,512,0.3,combined,64
lifted_omp,0.1340241424622984,0.2729066849263759,0.3468953673693647,1,5.0,96,0,,1.0,-0.0037722312231243,0.5,0.0,1.0,0.0,0.3,runs/claim3_noise_0.3,runs/claim3_noise_0.3/claim3_results.csv,96,512,0.3,combined,64
raw_atp,0.1170396644362957,0.2989519530107231,0.3809000925831498,1,8.0,0,1,,,,1.0,0.0,0.0,0.0,0.3,runs/claim3_noise_0.3,runs/claim3_noise_0.3/claim3_results.csv,96,512,0.3,combined,64
scalar_cal_atp,0.1394146193189388,0.2937436518311613,0.3760429604000728,1,8.0,96,1,0.6538754530763223,,,1.0,0.0,0.0,0.0,0.3,runs/claim3_noise_0.3,runs/claim3_noise_0.3/claim3_results.csv,96,512,0.3,combined,64
multigain_atp,0.109499883656158,0.2952421166980279,0.382522927820406,1,8.0,96,1,,,,1.0,0.0,0.0,0.0,0.3,runs/claim3_noise_0.3,runs/claim3_noise_0.3/claim3_results.csv,96,512,0.3,combined,64
finite_single,0.1243129588070548,0.2941928699686282,0.3793280359318717,1,8.0,64,0,,,,1.0,0.0,0.0,0.0,0.3,runs/claim3_noise_0.3,runs/claim3_noise_0.3/claim3_results.csv,96,512,0.3,combined,64
subset_ridge,-1.5502447763798717,0.5079582209635372,0.6473384658995818,1,8.0,96,0,,,,0.5,0.2629946353702607,0.0,0.0,0.3,runs/claim3_noise_0.3,runs/claim3_noise_0.3/claim3_results.csv,96,512,0.3,combined,64
first_order_omp,-0.0744224733599452,0.3276362843662749,0.4201728851342118,1,8.0,96,0,,2.0,0.2155000055410666,0.5,0.0,0.0,0.0,0.3,runs/claim3_noise_0.3,runs/claim3_noise_0.3/claim3_results.csv,96,512,0.3,combined,64
lifted_omp,0.0798294905058853,0.3050748881272814,0.3888433142841159,1,8.0,96,0,,4.0,0.1538235881664881,0.5,0.0,0.5,5.968517146137525,0.3,runs/claim3_noise_0.3,runs/claim3_noise_0.3/claim3_results.csv,96,512,0.3,combined,64
raw_atp,0.263633996014907,0.2540413013851387,0.3233894033114536,2,5.0,0,1,,,,1.0,0.0,0.0,0.0,0.3,runs/claim3_noise_0.3,runs/claim3_noise_0.3/claim3_results.csv,96,512,0.3,combined,64
scalar_cal_atp,0.2459156441731566,0.259083424922889,0.327256955277917,2,5.0,96,1,0.5792039500977958,,,1.0,0.0,0.0,0.0,0.3,runs/claim3_noise_0.3,runs/claim3_noise_0.3/claim3_results.csv,96,512,0.3,combined,64
multigain_atp,0.2273338057404473,0.261922037873599,0.3312644836074243,2,5.0,96,1,,,,1.0,0.0,0.0,0.0,0.3,runs/claim3_noise_0.3,runs/claim3_noise_0.3/claim3_results.csv,96,512,0.3,combined,64
finite_single,0.2428187619230599,0.2599575888905574,0.3279282580575134,2,5.0,64,0,,,,1.0,0.0,0.0,0.0,0.3,runs/claim3_noise_0.3,runs/claim3_noise_0.3/claim3_results.csv,96,512,0.3,combined,64
subset_ridge,-2.5577302440374807,0.5661078370970176,0.7108294750355364,2,5.0,96,0,,,,0.0,0.9156990407166846,0.0,0.0,0.3,runs/claim3_noise_0.3,runs/claim3_noise_0.3/claim3_results.csv,96,512,0.3,combined,64
first_order_omp,-0.0621742187095024,0.3071840895662242,0.3883978327950392,2,5.0,96,0,,1.0,-0.0520241059738615,0.5,0.0,0.0,0.0,0.3,runs/claim3_noise_0.3,runs/claim3_noise_0.3/claim3_results.csv,96,512,0.3,combined,64
lifted_omp,-0.0645093211689855,0.3059361410670545,0.3888245287187432,2,5.0,96,0,,2.0,-0.3484822347369773,0.5,0.0,0.0,0.0,0.3,runs/claim3_noise_0.3,runs/claim3_noise_0.3/claim3_results.csv,96,512,0.3,combined,64
raw_atp,0.1642126184388305,0.2825351250117931,0.3700984027734775,2,8.0,0,1,,,,1.0,0.0,0.0,0.0,0.3,runs/claim3_noise_0.3,runs/claim3_noise_0.3/claim3_results.csv,96,512,0.3,combined,64
scalar_cal_atp,0.1556509379603067,0.287399702235444,0.3719891891199451,2,8.0,96,1,0.4493077883738157,,,1.0,0.0,0.0,0.0,0.3,runs/claim3_noise_0.3,runs/claim3_noise_0.3/claim3_results.csv,96,512,0.3,combined,64
multigain_atp,0.1473962187291682,0.2888681258800847,0.373803129512727,2,8.0,96,1,,,,1.0,0.0,0.0,0.0,0.3,runs/claim3_noise_0.3,runs/claim3_noise_0.3/claim3_results.csv,96,512,0.3,combined,64
finite_single,0.1606662306214296,0.2867159104656668,0.3708827667986524,2,8.0,64,0,,,,1.0,0.0,0.0,0.0,0.3,runs/claim3_noise_0.3,runs/claim3_noise_0.3/claim3_results.csv,96,512,0.3,combined,64
subset_ridge,-3.2318596920596008,0.663628640503248,0.8327889152212286,2,8.0,96,0,,,,0.0,1.2060481206433122,0.0,0.0,0.3,runs/claim3_noise_0.3,runs/claim3_noise_0.3/claim3_results.csv,96,512,0.3,combined,64
first_order_omp,-0.0620529167262671,0.3257639297864622,0.4171981594663932,2,8.0,96,0,,1.0,-0.1091603615522671,0.5,0.0,0.0,0.0,0.3,runs/claim3_noise_0.3,runs/claim3_noise_0.3/claim3_results.csv,96,512,0.3,combined,64
lifted_omp,0.1074313942731417,0.2943251459011308,0.382463600795897,2,8.0,96,0,,3.0,0.4328442416875562,0.5,0.0,1.0,13.205699360268817,0.3,runs/claim3_noise_0.3,runs/claim3_noise_0.3/claim3_results.csv,96,512,0.3,combined,64
