m_gain,repeat,gain,holdout_r2,n_train_available,epsilon
0,0,1.0,0.5482927327900782,96,0.6
1,0,0.5863541232308859,0.9837717992035353,96,0.6
1,1,0.5903198716521528,0.9840588764674624,96,0.6
1,2,0.6286859232604775,0.9823756210222884,96,0.6
1,3,0.6443006344804902,0.9793755703545747,96,0.6
1,4,0.15247260457685097,0.4306072731012677,96,0.6
1,5,0.699205552439823,0.9581927401558288,96,0.6
1,6,0.5421957922839777,0.9747387621099662,96,0.6
1,7,0.7959331376720734,0.8805918288636574,96,0.6
1,8,-2.7028117730760974,-29.00307632866309,96,0.6
1,9,0.5630402636817943,0.9803373967131559,96,0.6
1,10,1.6450363924541809,-2.0063187348319214,96,0.6
1,11,-3.462659309936998,-44.380355809511194,96,0.6
1,12,0.4873698470245499,0.9486187553104418,96,0.6
1,13,0.5838129692744087,0.9835424342753294,96,0.6
1,14,0.5113245428695232,0.9620622182132416,96,0.6
1,15,0.6387576566961741,0.9805938692266547,96,0.6
1,16,0.7699981998187683,0.9064409710095547,96,0.6
1,17,0.4873698470245499,0.9486187553104418,96,0.6
1,18,-5.269054768109248,-93.66860528563943,96,0.6
1,19,0.8003901488936662,0.8757775335310097,96,0.6
1,20,0.699205552439823,0.9581927401558288,96,0.6
1,21,0.6136013799265885,0.984001966735971,96,0.6
1,22,0.6387576566961741,0.9805938692266547,96,0.6
1,23,0.6240200434973574,0.9830121863210813,96,0.6
1,24,0.7804692177962007,0.8964493078982102,96,0.6
1,25,0.5599017911639588,0.9796470520643592,96,0.6
1,26,0.9353826729092619,0.6782625044346071,96,0.6
1,27,0.6286859232604775,0.9823756210222884,96,0.6
1,28,0.5421957922839777,0.9747387621099662,96,0.6
1,29,0.17865569354560334,0.49330659473209826,96,0.6
1,30,0.699728342646518,0.957911458366445,96,0.6
1,31,0.5988071910901841,0.984382984121257,96,0.6
1,32,0.6708812296731929,0.9711882785922834,96,0.6
1,33,0.17865569354560334,0.49330659473209826,96,0.6
1,34,0.5942763334053456,0.9842591965422247,96,0.6
1,35,0.5599017911639588,0.9796470520643592,96,0.6
1,36,0.5399423678257359,0.973990561211233,96,0.6
1,37,0.6773155697356766,0.9686229590930072,96,0.6
1,38,0.6431028363135588,0.9796531304719327,96,0.6
1,39,0.9061122942012592,0.7295886205667763,96,0.6
1,40,0.5399423678257359,0.973990561211233,96,0.6
1,41,0.5863541232308859,0.9837717992035353,96,0.6
1,42,0.7693230089394079,0.9070645828024393,96,0.6
1,43,0.6945823490513678,0.9606148652224923,96,0.6
1,44,0.9061122942012592,0.7295886205667763,96,0.6
1,45,0.7666771211850295,0.909484212545312,96,0.6
1,46,0.7553968574691888,0.9193684224073431,96,0.6
1,47,-5.269054768109248,-93.66860528563943,96,0.6
1,48,0.5973269492017513,0.9843549444930394,96,0.6
1,49,0.5986211217506092,0.9843801208488232,96,0.6
2,0,0.6709845823289903,0.9711488697997515,96,0.6
2,1,0.01181904127746736,0.02934230700556817,96,0.6
2,2,0.81667349180886,0.85726133903006,96,0.6
2,3,0.6882592955873185,0.9637374592550016,96,0.6
2,4,0.5514930612937856,0.9775307769393793,96,0.6
2,5,0.6457149943051059,0.9790376805309088,96,0.6
2,6,0.5934519871726179,0.9842245501971201,96,0.6
2,7,1.709661518786525,-2.3882192322283027,96,0.6
2,8,0.9618683416151014,0.6277636235346089,96,0.6
2,9,0.7027189241683142,0.9562735501752221,96,0.6
2,10,0.5413147189659898,0.9744495416174396,96,0.6
2,11,0.5979321172296802,0.9843678623838453,96,0.6
2,12,0.580476552163479,0.9831874305513476,96,0.6
2,13,0.7956347517786099,0.880910236969713,96,0.6
2,14,0.5804641778577156,0.9831860000814311,96,0.6
2,15,0.5123598682443902,0.9625721878914613,96,0.6
2,16,0.6279844313038382,0.9824789633449444,96,0.6
2,17,0.5956250940576027,0.9843078335483476,96,0.6
2,18,0.4980362822907706,0.95499407704158,96,0.6
2,19,0.6156867016819132,0.9838515869080422,96,0.6
2,20,0.5909495599397832,0.9840965116631375,96,0.6
2,21,0.6255338744137572,0.9828187598033854,96,0.6
2,22,0.6869009537440718,0.9643796100178473,96,0.6
2,23,0.6576589969487989,0.9757460599294007,96,0.6
2,24,0.544821400862012,0.9755753553229289,96,0.6
2,25,0.6262584423398824,0.9827217252692931,96,0.6
2,26,0.7006432553785904,0.957415586540484,96,0.6
2,27,0.5900571550612104,0.9840425305208865,96,0.6
2,28,0.6702705548480455,0.9714199338494619,96,0.6
2,29,0.5622768519875412,0.9801744549085915,96,0.6
2,30,0.6772581501006323,0.9686468574847682,96,0.6
2,31,0.5969503912053038,0.984345891198397,96,0.6
2,32,0.5976714855430671,0.9843625455754446,96,0.6
2,33,0.5609182911864582,0.9798765675090337,96,0.6
2,34,0.5714556143057704,0.9819214167581618,96,0.6
2,35,0.6524021561999032,0.9772913281272748,96,0.6
2,36,0.6227782390079369,0.9831614569528461,96,0.6
2,37,0.69542547263393,0.9601819007067331,96,0.6
2,38,0.5467768378593999,0.9761738102292603,96,0.6
2,39,0.6235580439887758,0.9830687102616531,96,0.6
2,40,0.6883243002404136,0.9637064744467881,96,0.6
2,41,0.77541298727989,0.901349262019453,96,0.6
2,42,0.5699398140014856,0.9816648213694401,96,0.6
2,43,0.5903011079698808,0.9840577215829415,96,0.6
2,44,0.6080008564518263,0.9842876191744357,96,0.6
2,45,0.6330148752021664,0.9816780804101911,96,0.6
2,46,0.6380954416768556,0.9807281327054486,96,0.6
2,47,0.5942861145119855,0.9842595852235972,96,0.6
2,48,0.6351275660816122,0.9813002772638528,96,0.6
2,49,0.6348118498672775,0.9813582935573804,96,0.6
4,0,0.5974662905427123,0.9843580971372989,96,0.6
4,1,0.5822619423126022,0.9833850063233491,96,0.6
4,2,0.7385579796427248,0.9328228720189198,96,0.6
4,3,0.7213358041222216,0.9449724903293677,96,0.6
4,4,0.6003743515546954,0.9843995537395983,96,0.6
4,5,0.6363895827993321,0.9810628993916776,96,0.6
4,6,0.6615126547432527,0.9745168377806667,96,0.6
4,7,0.5438617953530672,0.9752739886321936,96,0.6
4,8,0.6044177974278271,0.9843799983996283,96,0.6
4,9,0.5835181043635956,0.9835135230159785,96,0.6
4,10,0.5901742438026231,0.98404986248871,96,0.6
4,11,0.5947785058946311,0.9842784727547261,96,0.6
4,12,0.6188443434195928,0.9835784095426624,96,0.6
4,13,0.6300920811328484,0.9821603291341212,96,0.6
4,14,0.6609850314596268,0.9746899563941525,96,0.6
4,15,0.5633638597346816,0.9804054986484874,96,0.6
4,16,0.5472183532530387,0.9763060279696878,96,0.6
4,17,0.5629772872128886,0.9803240762296694,96,0.6
4,18,0.5808951016239203,0.9832353195145939,96,0.6
4,19,0.6046497412392395,0.9843761531175013,96,0.6
4,20,0.573331534507011,0.9822214987723448,96,0.6
4,21,0.6668608401527903,0.9726757358896065,96,0.6
4,22,0.6404120147977862,0.9802479240008578,96,0.6
4,23,0.651098743521223,0.977650986975257,96,0.6
4,24,0.5864633194567768,0.9837808604217282,96,0.6
4,25,0.6377594910040337,0.9807953254078974,96,0.6
4,26,0.6361583215003895,0.9811070529577363,96,0.6
4,27,0.598255458465694,0.9843739398541175,96,0.6
4,28,0.5853759561902246,0.9836877086676022,96,0.6
4,29,0.5695827575230756,0.9816025420776896,96,0.6
4,30,0.5491275843145372,0.9768654465130875,96,0.6
4,31,0.5971424838935686,0.9843506068547242,96,0.6
4,32,0.5451666789520286,0.9756825534228132,96,0.6
4,33,0.4313318321229118,0.9048586295218757,96,0.6
4,34,0.6288365442015474,0.9823530793636699,96,0.6
4,35,0.6369287211972585,0.9809588236378431,96,0.6
4,36,0.6153596787453801,0.9838767489006388,96,0.6
4,37,0.5968705282100052,0.9843438710020063,96,0.6
4,38,0.6118529805751033,0.9841096407112049,96,0.6
4,39,0.6025235300124464,0.984400340834529,96,0.6
4,40,0.6163084510564775,0.9838021277642588,96,0.6
4,41,0.5975314060717936,0.9843595338332979,96,0.6
4,42,0.5531788333125118,0.9779861719210958,96,0.6
4,43,0.6342189113372559,0.9814657727415261,96,0.6
4,44,0.6109514290522879,0.9841586006577004,96,0.6
4,45,0.593822619259138,0.9842405892950019,96,0.6
4,46,0.6722913040520687,0.9706455508704881,96,0.6
4,47,0.6640787012613646,0.9736530887851659,96,0.6
4,48,0.583030186557568,0.9834646341140152,96,0.6
4,49,0.6173006809852549,0.9837187992070587,96,0.6
8,0,0.6176159409119544,0.9836911912428794,96,0.6
8,1,0.5773569507651315,0.9828001822652076,96,0.6
8,2,0.5894087554638472,0.9840005652672977,96,0.6
8,3,0.5855555053671154,0.9837035378729182,96,0.6
8,4,0.6586825073200742,0.9754275409096317,96,0.6
8,5,0.6313284345991415,0.9819620624911234,96,0.6
8,6,0.66788138492977,0.9723065645936536,96,0.6
8,7,0.635933992506403,0.9811496022790293,96,0.6
8,8,0.6005387524866004,0.9844005101172832,96,0.6
8,9,0.6054386294272592,0.9843608627407865,96,0.6
8,10,0.6193499563610176,0.98352958043199,96,0.6
8,11,0.6486730047543696,0.9782954919473568,96,0.6
8,12,0.6131503651075041,0.9840313492390181,96,0.6
8,13,0.6568046838767615,0.976007518309567,96,0.6
8,14,0.6037044120318782,0.9843899730933422,96,0.6
8,15,0.601716365565325,0.9844030202668115,96,0.6
8,16,0.5952281376504658,0.9842945567771555,96,0.6
8,17,0.6016619690757653,0.9844030721238662,96,0.6
8,18,0.6241835126251203,0.9829919056629233,96,0.6
8,19,0.6168685491807155,0.9837557548533626,96,0.6
8,20,0.6410187823755363,0.9801172738645187,96,0.6
8,21,0.617146027060661,0.9837321429747327,96,0.6
8,22,0.658115771350182,0.9756046215571459,96,0.6
8,23,0.617248777912729,0.9837232921274821,96,0.6
8,24,0.5832593159116976,0.983487755512628,96,0.6
8,25,0.6382956173390356,0.980687801294012,96,0.6
8,26,0.6326645134781563,0.981738363958131,96,0.6
8,27,0.6013637324558679,0.9844030675973064,96,0.6
8,28,0.6001336828669578,0.9843978859396612,96,0.6
8,29,0.6413703412173519,0.9800406503633444,96,0.6
8,30,0.6277574224303731,0.9825118269218296,96,0.6
8,31,0.636666635668677,0.9810096162853637,96,0.6
8,32,0.6707397360583582,0.9712421355403066,96,0.6
8,33,0.6062155061398485,0.9843424643572982,96,0.6
8,34,0.6044612656955667,0.9843793002616084,96,0.6
8,35,0.6016154282438356,0.9844031035899149,96,0.6
8,36,0.6190186976776392,0.9835617300642593,96,0.6
8,37,0.6406889203069018,0.9801885511406567,96,0.6
8,38,0.599552101251807,0.9843925422870321,96,0.6
8,39,0.615616894298558,0.9838570073833518,96,0.6
8,40,0.6761117079314677,0.9691202229438156,96,0.6
8,41,0.6293929056814773,0.9822687350193061,96,0.6
8,42,0.5813935166235151,0.9832910912000848,96,0.6
8,43,0.6888826405105604,0.963439382758752,96,0.6
8,44,0.6201659048911318,0.9834478193603247,96,0.6
8,45,0.6363778223110972,0.9810651518528455,96,0.6
8,46,0.6473860234118999,0.9786243124029433,96,0.6
8,47,0.661571532069791,0.9744974246859244,96,0.6
8,48,0.6505339920500219,0.9778039247442535,96,0.6
8,49,0.6157824003781741,0.9838441124970548,96,0.6
16,0,0.6121973914332712,0.9840897584539872,96,0.6
16,1,0.6352003052389935,0.9812868330474839,96,0.6
16,2,0.5938162874547858,0.9842403216214723,96,0.6
16,3,0.6318375960675653,0.981877970381951,96,0.6
16,4,0.5852971782761551,0.9836807076491166,96,0.6
16,5,0.593950841922059,0.9842459624526624,96,0.6
16,6,0.6191564254604279,0.9835484363825463,96,0.6
16,7,0.6660473094781085,0.972965924086202,96,0.6
16,8,0.5993572619954417,0.9843903365994127,96,0.6
16,9,0.6032440113053402,0.9843949262843168,96,0.6
16,10,0.6104363173061275,0.9841845702776593,96,0.6
16,11,0.600997859355776,0.9844023947088124,96,0.6
16,12,0.5927593545176251,0.9841925538913843,96,0.6
16,13,0.6344208630267831,0.9814293827687037,96,0.6
16,14,0.6103311634183166,0.9841896925307224,96,0.6
16,15,0.6135256097215583,0.9840069810663846,96,0.6
16,16,0.6165741681663857,0.9837803427462809,96,0.6
16,17,0.641204998365956,0.98007677198864,96,0.6
16,18,0.6188608921788039,0.9835768335895115,96,0.6
16,19,0.6130116241617483,0.9840401631448058,96,0.6
16,20,0.6080497687736126,0.9842858702019156,96,0.6
16,21,0.618183357648612,0.9836401258311473,96,0.6
16,22,0.6255725054183473,0.9828136590950376,96,0.6
16,23,0.6167473102345064,0.9837659388730491,96,0.6
16,24,0.6211062059583005,0.9833490621838303,96,0.6
16,25,0.624773618483225,0.9829174733599318,96,0.6
16,26,0.622412166614343,0.9832038439777652,96,0.6
16,27,0.643068328831248,0.9796610099380161,96,0.6
16,28,0.6095610824399051,0.9842253535713998,96,0.6
16,29,0.6094058329670512,0.9842321483414664,96,0.6
16,30,0.6175658399417657,0.9836956151745183,96,0.6
16,31,0.5888999019962559,0.9839660143021423,96,0.6
16,32,0.6072259838692807,0.9843135733796954,96,0.6
16,33,0.6023140899362894,0.9844013799065319,96,0.6
16,34,0.5995623228911126,0.9843926522448668,96,0.6
16,35,0.5908174386463281,0.9840887955908826,96,0.6
16,36,0.6353802220867173,0.981253454571254,96,0.6
16,37,0.6447990201620927,0.9792577600590744,96,0.6
16,38,0.6238042139797816,0.9830387381903676,96,0.6
16,39,0.630696299832392,0.9820644831846033,96,0.6
16,40,0.6019626952884083,0.984402581984713,96,0.6
16,41,0.5958959488233005,0.9843163958910601,96,0.6
16,42,0.5946569707213597,0.9842739346029482,96,0.6
16,43,0.6004803034446679,0.984400187107038,96,0.6
16,44,0.604045195802701,0.9843855569247615,96,0.6
16,45,0.6210365838939315,0.9833565408798505,96,0.6
16,46,0.6111855238467772,0.9841463169604416,96,0.6
16,47,0.6532842133813188,0.9770426421650853,96,0.6
16,48,0.5935160241999041,0.9842273753210125,96,0.6
16,49,0.5964253222350352,0.9843319671478128,96,0.6
32,0,0.6239742050703084,0.9830178468760321,96,0.6
32,1,0.6098853111555204,0.9842107361565519,96,0.6
32,2,0.6090851806666465,0.9842457631537048,96,0.6
32,3,0.6253478066464322,0.9828432127402135,96,0.6
32,4,0.6281609414792684,0.9824532147363951,96,0.6
32,5,0.6159684010152797,0.9838294412766095,96,0.6
32,6,0.6093037690566181,0.9842365432217878,96,0.6
32,7,0.6058598114328118,0.9843512995512967,96,0.6
32,8,0.6061527732335575,0.9843440730718431,96,0.6
32,9,0.6033140177914028,0.9843942481853352,96,0.6
32,10,0.6022652932837729,0.984401587387567,96,0.6
32,11,0.5944671858106297,0.9842666857183743,96,0.6
32,12,0.6272942589670033,0.9825780001392426,96,0.6
32,13,0.6176809238370037,0.9836854326904879,96,0.6
32,14,0.6055596758027171,0.9843582140903162,96,0.6
32,15,0.6054405016716988,0.9843608223864683,96,0.6
32,16,0.6083618872737584,0.9842744002037669,96,0.6
32,17,0.5929309207995703,0.9842007249572632,96,0.6
32,18,0.606556478727483,0.9843333424427299,96,0.6
32,19,0.6041693304675257,0.9843837897759801,96,0.6
32,20,0.6117950971563165,0.9841129182686111,96,0.6
32,21,0.6063549842237219,0.9843388101380744,96,0.6
32,22,0.620588790900076,0.9834040057792147,96,0.6
32,23,0.6163167846068246,0.9838014504227797,96,0.6
32,24,0.6003323502460952,0.9843992855937627,96,0.6
32,25,0.6331800387418429,0.9816494283752413,96,0.6
32,26,0.6137750091178498,0.9839903573507793,96,0.6
32,27,0.6106591963311003,0.9841735126027173,96,0.6
32,28,0.5982871964353993,0.9843745054446804,96,0.6
32,29,0.5960043621827822,0.9843197101585984,96,0.6
32,30,0.6070839790755678,0.9843179722101846,96,0.6
32,31,0.5941882648276334,0.9842556732076709,96,0.6
32,32,0.6107396899931639,0.9841694520111717,96,0.6
32,33,0.6217660303837709,0.9832768629588914,96,0.6
32,34,0.6067851895527802,0.984326865981599,96,0.6
32,35,0.6044172872744444,0.9843800065315145,96,0.6
32,36,0.6179083151491451,0.9836650994985998,96,0.6
32,37,0.5995557097649262,0.9843925811706404,96,0.6
32,38,0.6018536364628283,0.9844028171438148,96,0.6
32,39,0.608858674320723,0.9842550401708189,96,0.6
32,40,0.6020554338116694,0.9844023306180311,96,0.6
32,41,0.5991403080498661,0.984387635191856,96,0.6
32,42,0.6233915869768913,0.9830887883545306,96,0.6
32,43,0.6003330205506788,0.9843992899492274,96,0.6
32,44,0.6058181488957388,0.9843522889505104,96,0.6
32,45,0.6239866662461854,0.983016309196541,96,0.6
32,46,0.5870991880658817,0.9838323242970244,96,0.6
32,47,0.5999486821983533,0.9843963876296488,96,0.6
32,48,0.5959453705379577,0.9843179147525338,96,0.6
32,49,0.6179024078995731,0.9836656313146066,96,0.6
64,0,0.6132850785037878,0.9840226900204317,96,0.6
64,1,0.6068250311087124,0.9843257083924756,96,0.6
64,2,0.6116295857206216,0.9841221885440841,96,0.6
64,3,0.6135449787481746,0.9840057022607752,96,0.6
64,4,0.6120836335539273,0.9840963975675915,96,0.6
64,5,0.6119464620966791,0.984104308605328,96,0.6
64,6,0.6045352334493069,0.9843780884183368,96,0.6
64,7,0.599752433553626,0.984394592733446,96,0.6
64,8,0.6097719210047677,0.9842159138584886,96,0.6
64,9,0.6138910834862387,0.9839825039034447,96,0.6
64,10,0.6180307252188519,0.9836540360637253,96,0.6
64,11,0.6159016693266733,0.9838347267484546,96,0.6
64,12,0.6078885800078748,0.9842915841721492,96,0.6
64,13,0.6192059770012909,0.9835436281101398,96,0.6
64,14,0.609490151573761,0.9842284744132878,96,0.6
64,15,0.6161134324301879,0.9838178697382796,96,0.6
64,16,0.609771962841401,0.9842159119611384,96,0.6
64,17,0.612105696504665,0.9840951154905291,96,0.6
64,18,0.6115658515368527,0.98412571816002,96,0.6
64,19,0.6130408179858476,0.9840383173091167,96,0.6
64,20,0.6093329101856187,0.9842352942387704,96,0.6
64,21,0.6105869598283098,0.9841771263518702,96,0.6
64,22,0.6084513724990832,0.9842710130227077,96,0.6
64,23,0.6023244963172627,0.9844013339670304,96,0.6
64,24,0.6084138611217662,0.9842724382521576,96,0.6
64,25,0.6201433108460616,0.9834501325981101,96,0.6
64,26,0.6079196474189036,0.9842904939681562,96,0.6
64,27,0.6003792917913805,0.9843995846422733,96,0.6
64,28,0.6068813124711586,0.9843240582896078,96,0.6
64,29,0.6108411254265945,0.9841642843054842,96,0.6
64,30,0.6045906346306544,0.9843771610742107,96,0.6
64,31,0.6106188941287489,0.9841755323210414,96,0.6
64,32,0.6182403003460794,0.9836349035543546,96,0.6
64,33,0.6180777030184536,0.983649768350396,96,0.6
64,34,0.6155105055487321,0.9838652168828856,96,0.6
64,35,0.6106744416922326,0.9841727462656639,96,0.6
64,36,0.6152936337704502,0.9838817592736107,96,0.6
64,37,0.6163199161197016,0.983801195798374,96,0.6
64,38,0.6212270196548418,0.9833360213721544,96,0.6
64,39,0.6068138984433283,0.9843260327278204,96,0.6
64,40,0.6160074109760711,0.9838263401703172,96,0.6
64,41,0.6121326865111946,0.984093543466327,96,0.6
64,42,0.6222146463113568,0.9832264088461367,96,0.6
64,43,0.6171026672025751,0.9837358605462265,96,0.6
64,44,0.6064602529733911,0.9843359814168531,96,0.6
64,45,0.6090517716411233,0.9842471492046436,96,0.6
64,46,0.6101240981407923,0.9841996015302072,96,0.6
64,47,0.6189114148174085,0.9835720129666874,96,0.6
64,48,0.6068996937450202,0.9843235156032044,96,0.6
64,49,0.6156483342157145,0.9838545694173905,96,0.6
96,0,0.6114887651730818,0.9841299574094068,96,0.6
0,0,1.0,0.4259471978179168,96,1.2
1,0,0.6528420703218017,0.9601731834140455,96,1.2
1,1,0.5793320588198286,0.9800818309599006,96,1.2
1,2,0.6533231095243818,0.9599356166343449,96,1.2
1,3,0.7119841669675696,0.9205074883918688,96,1.2
1,4,0.593741908803631,0.9787462912601177,96,1.2
1,5,0.5330473280276852,0.9759036935728457,96,1.2
1,6,-2.0282906826463543,-19.387945104028713,96,1.2
1,7,-0.3503343588102351,-1.579348523341912,96,1.2
1,8,0.7402931261478661,0.8940587145972121,96,1.2
1,9,0.5056581241969981,0.9673487594349203,96,1.2
1,10,0.6227262435061197,0.9722686906069793,96,1.2
1,11,0.44691993146310705,0.9337527300396964,96,1.2
1,12,0.5442176843508618,0.9780943812956133,96,1.2
1,13,-1.0026523330133637,-6.485866645879804,96,1.2
1,14,0.6278461577688507,0.9705981276275281,96,1.2
1,15,0.5104783090383649,0.9691822475229878,96,1.2
1,16,0.5910260034058596,0.9790937415906352,96,1.2
1,17,0.7577910163801509,0.8752945675717327,96,1.2
1,18,-0.1168350257206619,-0.44651909856571437,96,1.2
1,19,-2.0282906826463543,-19.387945104028713,96,1.2
1,20,-1.2058866168734192,-8.538649243258943,96,1.2
1,21,0.5362293050505066,0.9766043512341446,96,1.2
1,22,-4.143628566313854,-66.02576988656787,96,1.2
1,23,0.3801638895415314,0.870318353967883,96,1.2
1,24,0.5612645956406938,0.9799876178767868,96,1.2
1,25,0.4508555684648141,0.9366539027965669,96,1.2
1,26,0.9044432061157335,0.6454661385897579,96,1.2
1,27,0.3801638895415314,0.870318353967883,96,1.2
1,28,0.7897929083343272,0.8362018784133072,96,1.2
1,29,0.7031702986198068,0.9277559245550446,96,1.2
1,30,-0.3503343588102351,-1.579348523341912,96,1.2
1,31,0.5330473280276852,0.9759036935728457,96,1.2
1,32,0.6458365993511701,0.9634748258733441,96,1.2
1,33,0.3801638895415314,0.870318353967883,96,1.2
1,34,0.6642473410337302,0.9541649931036865,96,1.2
1,35,0.7532295336296069,0.8803640202076605,96,1.2
1,36,-0.3503343588102351,-1.579348523341912,96,1.2
1,37,0.9043637159415487,0.6456258330262148,96,1.2
1,38,0.6713678050482518,0.950016374903014,96,1.2
1,39,0.6642473410337302,0.9541649931036865,96,1.2
1,40,0.5104783090383649,0.9691822475229878,96,1.2
1,41,0.7627153710907045,0.8696810296261036,96,1.2
1,42,0.47480321990802815,0.9522942450872343,96,1.2
1,43,0.6533231095243818,0.9599356166343449,96,1.2
1,44,0.3801638895415314,0.870318353967883,96,1.2
1,45,0.5910260034058596,0.9790937415906352,96,1.2
1,46,0.6907289796792814,0.9371904255538381,96,1.2
1,47,0.5793320588198286,0.9800818309599006,96,1.2
1,48,0.6291978857348421,0.9701307070179275,96,1.2
1,49,0.6852765260710255,0.9410310384075851,96,1.2
2,0,0.6006154075053823,0.9776682710761977,96,1.2
2,1,0.45236513888644625,0.937741912053915,96,1.2
2,2,0.47896306364096514,0.9546586194091874,96,1.2
2,3,0.6446085881584734,0.9640231040506032,96,1.2
2,4,0.6917623219615326,0.9364423552456039,96,1.2
2,5,0.7400826825288624,0.8942731540598297,96,1.2
2,6,0.5145621381146414,0.9706260346861434,96,1.2
2,7,0.639935368965286,0.966026458672117,96,1.2
2,8,0.5690896302847153,0.980270011228095,96,1.2
2,9,0.5997231093701995,0.977824304058181,96,1.2
2,10,0.5077039492560914,0.9681440533325271,96,1.2
2,11,-1.2877126015552736,-9.435448496114413,96,1.2
2,12,0.4919793355562713,0.9613829074535434,96,1.2
2,13,0.455979482611262,0.9402910937597169,96,1.2
2,14,0.6903551500715118,0.9374594673864043,96,1.2
2,15,0.5603935700403914,0.9799333519945628,96,1.2
2,16,0.7008704637079824,0.9295702405224824,96,1.2
2,17,0.7239731916864601,0.9098960456906376,96,1.2
2,18,0.5915978328804742,0.979024282178595,96,1.2
2,19,0.5178668128728114,0.9717207621056696,96,1.2
2,20,0.6431825715772915,0.9646483787369232,96,1.2
2,21,0.4872293273841753,0.9590473799505097,96,1.2
2,22,0.5769505087051211,0.9801820175457082,96,1.2
2,23,0.49945538401883727,0.9647832829753838,96,1.2
2,24,0.7412167790195131,0.89311436613528,96,1.2
2,25,0.5018657377416329,0.9658077681142648,96,1.2
2,26,0.5991373772753414,0.9779241193494129,96,1.2
2,27,0.7774352906706777,0.8520293716581235,96,1.2
2,28,0.6574667221448858,0.9578314829078355,96,1.2
2,29,0.553097419628875,0.9792991735582731,96,1.2
2,30,0.660404571551994,0.9562769271762013,96,1.2
2,31,0.6851298267682933,0.941131894892131,96,1.2
2,32,0.715272789416988,0.9176829871484107,96,1.2
2,33,0.6383224499670694,0.9666873359947271,96,1.2
2,34,0.635687684247422,0.9677331695265887,96,1.2
2,35,0.7109144344480108,0.9214121966636566,96,1.2
2,36,0.66989566477493,0.9508991570169036,96,1.2
2,37,0.5116142997839084,0.9695939570701535,96,1.2
2,38,0.5595713653340665,0.9798779312311034,96,1.2
2,39,0.5980606623306579,0.9781022080295522,96,1.2
2,40,0.6068014164197112,0.9764545595108647,96,1.2
2,41,0.5427711443207837,0.9778530904324116,96,1.2
2,42,0.5708195633439862,0.9802826168032516,96,1.2
2,43,0.6906342555745384,0.9372586773392625,96,1.2
2,44,0.6612808520657727,0.9558031709187692,96,1.2
2,45,0.478547357124685,0.9544270315767973,96,1.2
2,46,0.7895307812697527,0.8365471647751884,96,1.2
2,47,0.5480373600594294,0.9786708905840054,96,1.2
2,48,0.620343276547145,0.972992329114533,96,1.2
2,49,0.6489423342704677,0.9620476170155139,96,1.2
4,0,0.5715223714000557,0.9802825842545221,96,1.2
4,1,0.5886619814867357,0.9793599757601994,96,1.2
4,2,0.5176043104394976,0.9716362110591977,96,1.2
4,3,0.5177992887230896,0.9716990525167376,96,1.2
4,4,0.5097652966824514,0.9689198612499338,96,1.2
4,5,0.6672934075955103,0.9524276641733502,96,1.2
4,6,0.6328580753762527,0.9688097358265247,96,1.2
4,7,0.5847208882042666,0.979728915470133,96,1.2
4,8,0.7267212426959831,0.9073416810772829,96,1.2
4,9,0.5617892712020573,0.9800180984035923,96,1.2
4,10,0.5143241570604493,0.9705446582542758,96,1.2
4,11,0.6405333240774914,0.9657774676462336,96,1.2
4,12,0.532190891934247,0.9757046845796498,96,1.2
4,13,0.6257781997597326,0.9712919003682019,96,1.2
4,14,0.6805205021446238,0.9442347479598946,96,1.2
4,15,0.47921726622856076,0.9547997209679314,96,1.2
4,16,0.5393057978391407,0.9772237436387591,96,1.2
4,17,0.511951220315693,0.9697145690634863,96,1.2
4,18,0.512267876841852,0.9698273030355796,96,1.2
4,19,0.610079615244541,0.9757178472250586,96,1.2
4,20,0.5744907215625958,0.9802495989125548,96,1.2
4,21,0.6021253190645913,0.9773933049410569,96,1.2
4,22,0.6137133910413562,0.9748255165340645,96,1.2
4,23,0.477781409858265,0.9539975983212428,96,1.2
4,24,0.6221824938931841,0.9724368262604289,96,1.2
4,25,0.481078608651297,0.9558210363941839,96,1.2
4,26,0.6331355800435242,0.9687062898979932,96,1.2
4,27,0.5769269290694299,0.9801828385410023,96,1.2
4,28,0.6350239406152234,0.9679900338709977,96,1.2
4,29,0.5286832113466116,0.9748434662379265,96,1.2
4,30,0.519472161578587,0.9722288002970827,96,1.2
4,31,0.5362336074265666,0.976605257276869,96,1.2
4,32,0.538742672897789,0.9771146355922488,96,1.2
4,33,0.660167736742416,0.9564041759702613,96,1.2
4,34,0.6591636486995515,0.956939905841511,96,1.2
4,35,0.5377173349547782,0.9769110621987305,96,1.2
4,36,0.6366812198857991,0.9673437146098248,96,1.2
4,37,0.8216796565665869,0.7911090754004121,96,1.2
4,38,0.6446936170443381,0.9639854335996124,96,1.2
4,39,0.5649106445938707,0.9801651266337906,96,1.2
4,40,0.6621987352320576,0.9553019583389027,96,1.2
4,41,0.602847849409139,0.977256864671401,96,1.2
4,42,0.5488900300143528,0.9787875763713639,96,1.2
4,43,0.6362289649075186,0.9675217314252793,96,1.2
4,44,0.52840687761654,0.9747724678641718,96,1.2
4,45,0.6415605783265627,0.9653446822398879,96,1.2
4,46,0.5029703490191207,0.9662655631723572,96,1.2
4,47,0.6309787415259549,0.9694980802913753,96,1.2
4,48,0.5543743311207147,0.9794333303379876,96,1.2
4,49,0.6676616033959095,0.9522138737604166,96,1.2
8,0,0.5583929318319718,0.9797913922293827,96,1.2
8,1,0.5482166078038662,0.9786957840537047,96,1.2
8,2,0.5187467073868867,0.9720011428611234,96,1.2
8,3,0.5127587169618986,0.9700008539742313,96,1.2
8,4,0.613533154613164,0.9748716526911585,96,1.2
8,5,0.5627533043783848,0.9800697769506718,96,1.2
8,6,0.5689887874413027,0.9802687199071156,96,1.2
8,7,0.5997107931251537,0.9778264241720066,96,1.2
8,8,0.5450572088073841,0.9782286335106021,96,1.2
8,9,0.5697824199657154,0.9802772252615642,96,1.2
8,10,0.5332568180316165,0.975951699405642,96,1.2
8,11,0.5448623190537297,0.9781978464910559,96,1.2
8,12,0.551588624624173,0.9791279849298454,96,1.2
8,13,0.5659632779704091,0.9802014655556099,96,1.2
8,14,0.5048539160657811,0.9670292227439323,96,1.2
8,15,0.5360580191677068,0.9765681892691165,96,1.2
8,16,0.5917533545648038,0.9790050501776478,96,1.2
8,17,0.6008743708809007,0.977622088405145,96,1.2
8,18,0.6363046765422785,0.9674920157106061,96,1.2
8,19,0.5697883226257295,0.9802772742946095,96,1.2
8,20,0.5248256208250504,0.9738106933617441,96,1.2
8,21,0.6440785917457086,0.9642569264571026,96,1.2
8,22,0.640864114223632,0.9656387991789398,96,1.2
8,23,0.5491967172619795,0.9788284739964045,96,1.2
8,24,0.5276721562639707,0.9745814568771205,96,1.2
8,25,0.5925644802854325,0.9789023819392528,96,1.2
8,26,0.553945321097165,0.979389353529785,96,1.2
8,27,0.5044255467298602,0.9668574268418042,96,1.2
8,28,0.5484113688283342,0.9787226123982699,96,1.2
8,29,0.534623441697291,0.9762583763346094,96,1.2
8,30,0.5860627958692651,0.9796138082763675,96,1.2
8,31,0.5579726093075852,0.9797584999810234,96,1.2
8,32,0.665399462446232,0.9535144562210063,96,1.2
8,33,0.4953084563682157,0.9629387257745007,96,1.2
8,34,0.5090264721121723,0.968644742848286,96,1.2
8,35,0.5249637712070633,0.9738492285363418,96,1.2
8,36,0.5382387398034909,0.9770153753618224,96,1.2
8,37,0.5535708312646394,0.979350058442362,96,1.2
8,38,0.5336963960921715,0.9760515711996007,96,1.2
8,39,0.6055592279310318,0.9767167916251527,96,1.2
8,40,0.5529994341530804,0.9792884727734205,96,1.2
8,41,0.5139079462844738,0.9704015163165284,96,1.2
8,42,0.5754391570597991,0.9802278619242475,96,1.2
8,43,0.5780769752948272,0.9801388912399981,96,1.2
8,44,0.4827232623137404,0.956706074061231,96,1.2
8,45,0.6435851292994641,0.9644731085591104,96,1.2
8,46,0.5474737416064833,0.978591354616475,96,1.2
8,47,0.5428361700693755,0.977864207874471,96,1.2
8,48,0.6081723972238807,0.9761543395952293,96,1.2
8,49,0.5532368678540508,0.9793143025983932,96,1.2
16,0,0.5809923036757172,0.9799917609197903,96,1.2
16,1,0.5332492920347215,0.9759499793621045,96,1.2
16,2,0.5270920023107133,0.9744283305170016,96,1.2
16,3,0.5481707455145217,0.9786894332555728,96,1.2
16,4,0.5141972403258644,0.9705011201133408,96,1.2
16,5,0.5559681016126804,0.9795869863005731,96,1.2
16,6,0.53153067859686,0.9755482533522147,96,1.2
16,7,0.553490535291104,0.9793415229386397,96,1.2
16,8,0.5840407817499885,0.9797831089239936,96,1.2
16,9,0.5228140601448847,0.9732365610681549,96,1.2
16,10,0.5733465311759164,0.9802686049964818,96,1.2
16,11,0.5757807259311806,0.980218705396422,96,1.2
16,12,0.5583857456295482,0.9797908388238148,96,1.2
16,13,0.6062614564266053,0.9765696906822616,96,1.2
16,14,0.5660164180335092,0.9802031229285291,96,1.2
16,15,0.5384667144663576,0.9770604694057342,96,1.2
16,16,0.5511334921660211,0.9790736510367413,96,1.2
16,17,0.5548483194080989,0.9794806276023104,96,1.2
16,18,0.5238933711862684,0.97354764704685,96,1.2
16,19,0.5348667948249328,0.9763118049597211,96,1.2
16,20,0.6122040009308501,0.9752058364600602,96,1.2
16,21,0.5424675919344125,0.9778008548782309,96,1.2
16,22,0.5361012543259562,0.9765773337864505,96,1.2
16,23,0.5266550552834705,0.9743116627020016,96,1.2
16,24,0.5941932436621291,0.9786842423106608,96,1.2
16,25,0.543181496642269,0.9779228211590464,96,1.2
16,26,0.5528224203328888,0.9792689947386259,96,1.2
16,27,0.5344401534377938,0.9762178993466935,96,1.2
16,28,0.6213775906928035,0.9726824424295741,96,1.2
16,29,0.5748045803054317,0.9802430060057745,96,1.2
16,30,0.6179570424984444,0.9736826555150714,96,1.2
16,31,0.5631642923126764,0.9800901051768267,96,1.2
16,32,0.5619338638600434,0.9800262066769548,96,1.2
16,33,0.5675784482585472,0.9802442357649733,96,1.2
16,34,0.5289861064248731,0.9749207601653224,96,1.2
16,35,0.6201108315591723,0.9730610834476103,96,1.2
16,36,0.5706131946782992,0.9802820607976003,96,1.2
16,37,0.5720153718788975,0.9802807843793211,96,1.2
16,38,0.6234340359974528,0.9720471602204581,96,1.2
16,39,0.6167290705472496,0.9740245241097406,96,1.2
16,40,0.520868640417899,0.9726581023048134,96,1.2
16,41,0.5233235860293745,0.973384295017236,96,1.2
16,42,0.5965795132610053,0.9783357701481146,96,1.2
16,43,0.6120362786175447,0.9752472494342275,96,1.2
16,44,0.5350585219165782,0.9763536475497179,96,1.2
16,45,0.5500414922027305,0.9789381950541337,96,1.2
16,46,0.606488372475765,0.9765215213844581,96,1.2
16,47,0.5806474063917003,0.9800118394370432,96,1.2
16,48,0.5610377502314913,0.9799739256308153,96,1.2
16,49,0.5362134763695923,0.9766010168920416,96,1.2
32,0,0.5548089797982045,0.9794767536124045,96,1.2
32,1,0.560475047200738,0.9799386220255466,96,1.2
32,2,0.5680052345959699,0.9802529102844179,96,1.2
32,3,0.5449638330798439,0.9782139113828482,96,1.2
32,4,0.5671739634881484,0.9802350010058747,96,1.2
32,5,0.5708420690768414,0.9802826619122742,96,1.2
32,6,0.5570278658635133,0.9796806819111825,96,1.2
32,7,0.5359537647619043,0.9765460924343639,96,1.2
32,8,0.5428588760753317,0.9778680839121215,96,1.2
32,9,0.5843214184712237,0.9797610846516145,96,1.2
32,10,0.5282652994524036,0.9747359138641332,96,1.2
32,11,0.545635500354508,0.9783186392981452,96,1.2
32,12,0.568451895993543,0.9802608127766175,96,1.2
32,13,0.5692950502682574,0.9802724520505128,96,1.2
32,14,0.5530656329869085,0.9792957085497337,96,1.2
32,15,0.5603620882157814,0.9799313049966674,96,1.2
32,16,0.5668541138421089,0.9802270001931004,96,1.2
32,17,0.5470736362349672,0.9785337307789896,96,1.2
32,18,0.5433436952568796,0.9779501034638599,96,1.2
32,19,0.5659492137359763,0.9802010240604493,96,1.2
32,20,0.6035160193427799,0.9771278886676843,96,1.2
32,21,0.5434852728128976,0.9779737876038995,96,1.2
32,22,0.5415916091482222,0.9776470004603705,96,1.2
32,23,0.5584319302349682,0.9797943900461726,96,1.2
32,24,0.5341296975213743,0.9761488768728567,96,1.2
32,25,0.5449841102600208,0.9782171128618633,96,1.2
32,26,0.5803498782638902,0.9800285841591405,96,1.2
32,27,0.554586793735138,0.9794546985625706,96,1.2
32,28,0.569336858885215,0.9802729176681656,96,1.2
32,29,0.5919455334916237,0.9789810836785439,96,1.2
32,30,0.5753149558742547,0.9802310170427182,96,1.2
32,31,0.539517146515043,0.9772642000209925,96,1.2
32,32,0.5903075202764831,0.9791782203621864,96,1.2
32,33,0.5343341395279462,0.9761943950118981,96,1.2
32,34,0.5435706264538792,0.9779880078063212,96,1.2
32,35,0.5485588534914353,0.9787427762701361,96,1.2
32,36,0.5588561599897376,0.979826408332227,96,1.2
32,37,0.5401327446744083,0.9773805033857159,96,1.2
32,38,0.583364775805195,0.9798342122882474,96,1.2
32,39,0.5793507106446703,0.9800809113731666,96,1.2
32,40,0.5414084490533573,0.9776142461345172,96,1.2
32,41,0.5568514888896748,0.9796655577728111,96,1.2
32,42,0.5426623777205661,0.9778344376447472,96,1.2
32,43,0.556234909706679,0.9796112130011898,96,1.2
32,44,0.5452098054131449,0.9782525795847895,96,1.2
32,45,0.576067639896552,0.9802104704739999,96,1.2
32,46,0.5554395691999499,0.9795377274079116,96,1.2
32,47,0.5699302407778695,0.9802783899645203,96,1.2
32,48,0.5805828239312508,0.9800155194509916,96,1.2
32,49,0.5638377535739139,0.9801212143608733,96,1.2
64,0,0.5479261456592154,0.9786553480384552,96,1.2
64,1,0.5607336270036479,0.979955082192734,96,1.2
64,2,0.5534789922514702,0.9793402927120449,96,1.2
64,3,0.5641893190898478,0.9801363679687936,96,1.2
64,4,0.5486240392070169,0.9787516465712555,96,1.2
64,5,0.556913652122179,0.9796709096053818,96,1.2
64,6,0.5533365278188257,0.9793250430942062,96,1.2
64,7,0.5567217686101983,0.9796543147069118,96,1.2
64,8,0.5772905580131291,0.9801698049898678,96,1.2
64,9,0.5613950150243714,0.9799953494587396,96,1.2
64,10,0.567710171402187,0.9802470302211871,96,1.2
64,11,0.5727320328625944,0.9802755547876084,96,1.2
64,12,0.5536642672391613,0.979359941804165,96,1.2
64,13,0.5530702303008328,0.9792962100719989,96,1.2
64,14,0.5614817663586812,0.9800004355019962,96,1.2
64,15,0.5524612087764268,0.9792286621507025,96,1.2
64,16,0.5464380453332229,0.9784402076636256,96,1.2
64,17,0.5532616504682432,0.9793169790494269,96,1.2
64,18,0.5578751222221745,0.979750718988221,96,1.2
64,19,0.5512027118188241,0.9790819950270161,96,1.2
64,20,0.5576321564723047,0.9797310771852143,96,1.2
64,21,0.5628269513180721,0.9800734945531211,96,1.2
64,22,0.5557211442121062,0.9795641796308856,96,1.2
64,23,0.5610495458168029,0.9799746452511465,96,1.2
64,24,0.5605692567007626,0.9799446657070214,96,1.2
64,25,0.5411253478126898,0.9775632215519892,96,1.2
64,26,0.5581147061493273,0.9797697389096944,96,1.2
64,27,0.5660021597927734,0.9802026799027116,96,1.2
64,28,0.5447054399485576,0.9781728977236052,96,1.2
64,29,0.5691404200356123,0.9802706383907345,96,1.2
64,30,0.5729020079885722,0.9802738601755001,96,1.2
64,31,0.5521501739042801,0.9791933019805336,96,1.2
64,32,0.5744831030304596,0.9802497515645778,96,1.2
64,33,0.5625432895586616,0.9800589961012113,96,1.2
64,34,0.5557546092121762,0.9795672916803367,96,1.2
64,35,0.5417969099579129,0.9776834737909654,96,1.2
64,36,0.5526720044127201,0.9792522949946261,96,1.2
64,37,0.5741713659112984,0.9802556977301513,96,1.2
64,38,0.5755983394527658,0.9802236821932107,96,1.2
64,39,0.5498681944099639,0.9789160375530241,96,1.2
64,40,0.5674279531289887,0.9802409150427195,96,1.2
64,41,0.5510060923719294,0.9790582182928386,96,1.2
64,42,0.5497716817673444,0.9789036191508805,96,1.2
64,43,0.5492450233412672,0.9788348640602477,96,1.2
64,44,0.5636948786661083,0.9801148430505999,96,1.2
64,45,0.5640637868668523,0.9801310426546387,96,1.2
64,46,0.5679424825117664,0.9802517036942852,96,1.2
64,47,0.5632994558481453,0.9800965680999967,96,1.2
64,48,0.555408348526643,0.9795347649827321,96,1.2
64,49,0.5754294627542262,0.9802281115375701,96,1.2
96,0,0.5593728075389206,0.9798639364866641,96,1.2
0,0,1.0,0.2354421190540087,96,2.0
1,0,-2.7116455117764304,-34.97141674216777,96,2.0
1,1,0.8557225719900898,0.6226258233115423,96,2.0
1,2,0.5243233443902243,0.9742279517914565,96,2.0
1,3,0.4628352992111562,0.9570563731926434,96,2.0
1,4,0.8557225719900898,0.6226258233115423,96,2.0
1,5,0.5789143190456238,0.9678568879362918,96,2.0
1,6,0.4648990585419426,0.9580510575821423,96,2.0
1,7,-0.3073587709667661,-1.44312022635371,96,2.0
1,8,-1.7928438074293291,-17.502654774218836,96,2.0
1,9,-2.7116455117764304,-34.97141674216777,96,2.0
1,10,-0.3073587709667661,-1.44312022635371,96,2.0
1,11,1.0357491057298551,0.11755166085344293,96,2.0
1,12,0.7452160027708724,0.8231376041945196,96,2.0
1,13,0.5709062796691161,0.9700639885582266,96,2.0
1,14,0.6739987594577677,0.9082120437460954,96,2.0
1,15,0.6988617207523106,0.8824427966567926,96,2.0
1,16,0.6091501040136645,0.9555790686721503,96,2.0
1,17,0.5137814739520781,0.9731160189226267,96,2.0
1,18,0.680374212001302,0.9020062670371767,96,2.0
1,19,0.5869682204377287,0.9651958659813915,96,2.0
1,20,0.6799400817378486,0.9024376420046663,96,2.0
1,21,-1.283600441274986,-10.301364675321397,96,2.0
1,22,0.5304874249003442,0.9745268474127889,96,2.0
1,23,0.5709062796691161,0.9700639885582266,96,2.0
1,24,0.5137814739520781,0.9731160189226267,96,2.0
1,25,0.7254356254606543,0.8502375018105113,96,2.0
1,26,0.42301206771259947,0.9321723034478042,96,2.0
1,27,0.8238815595336757,0.6889450734935734,96,2.0
1,28,0.4628581507010239,0.9570675461758814,96,2.0
1,29,0.4785010779832045,0.9638800307600454,96,2.0
1,30,0.4557409347348283,0.9534154218286892,96,2.0
1,31,0.637166933943702,0.9386349861968366,96,2.0
1,32,0.6054876472815792,0.9573982728698384,96,2.0
1,33,0.5654571810353942,0.9713156748488002,96,2.0
1,34,-1.283600441274986,-10.301364675321397,96,2.0
1,35,0.03070333596864398,0.10872991366274032,96,2.0
1,36,0.42301206771259947,0.9321723034478042,96,2.0
1,37,0.5585197582603836,0.9726161079984355,96,2.0
1,38,0.7039039457492098,0.8767024012398785,96,2.0
1,39,0.6442138365976285,0.9335302607238573,96,2.0
1,40,0.5464315633156029,0.9740975299105654,96,2.0
1,41,0.680374212001302,0.9020062670371767,96,2.0
1,42,0.5137814739520781,0.9731160189226267,96,2.0
1,43,0.6446161448330053,0.933228608491731,96,2.0
1,44,0.6887504465090458,0.8934314530418183,96,2.0
1,45,0.637166933943702,0.9386349861968366,96,2.0
1,46,0.4797586046042996,0.964355184662637,96,2.0
1,47,-17.274023026854675,-1080.8767856156253,96,2.0
1,48,-1.9949434197191338,-20.85098292074297,96,2.0
1,49,0.6707679989000739,0.911250952233775,96,2.0
2,0,0.6417218000324881,0.9353741945648121,96,2.0
2,1,0.5858795400542061,0.9655814347528163,96,2.0
2,2,0.5292787552100903,0.9744886705615522,96,2.0
2,3,0.6294975972516554,0.9438055938883034,96,2.0
2,4,0.7476335148136158,0.8196424581059948,96,2.0
2,5,0.6089411323929022,0.9556853302289986,96,2.0
2,6,0.6735583955913306,0.908630449196673,96,2.0
2,7,0.477636625574503,0.9635471417656308,96,2.0
2,8,0.4365957377049709,0.9418761018490529,96,2.0
2,9,0.4643445992571741,0.9577866756707814,96,2.0
2,10,0.6095231879496338,0.9553886156374425,96,2.0
2,11,0.44461301424880056,0.9470126629809584,96,2.0
2,12,0.6734389733677478,0.9087436884762365,96,2.0
2,13,0.5597753305745224,0.9724050842060398,96,2.0
2,14,0.6514201581476328,0.9279596744684558,96,2.0
2,15,0.4682876618314998,0.9596212606494705,96,2.0
2,16,0.4881068789265929,0.9672360103221682,96,2.0
2,17,0.5753102592652735,0.9689043488182455,96,2.0
2,18,0.6597084799199325,0.9211146010891351,96,2.0
2,19,0.5836584078883764,0.9663429966704569,96,2.0
2,20,0.4743486023907008,0.9622343932377342,96,2.0
2,21,0.5370901921500786,0.9745594599642153,96,2.0
2,22,0.4551122240657197,0.9530761930615713,96,2.0
2,23,0.5051063372581934,0.971632298013016,96,2.0
2,24,0.5734520625130908,0.9694097794183957,96,2.0
2,25,0.436990017111187,0.9421389641212219,96,2.0
2,26,0.45824050952565326,0.9547374251911626,96,2.0
2,27,0.4452002528392328,0.9473716622167421,96,2.0
2,28,0.5677400677962301,0.9708159406211461,96,2.0
2,29,0.6148114274976635,0.9525869319274669,96,2.0
2,30,0.7099355150461302,0.8696078280297614,96,2.0
2,31,0.4932547184064807,0.968775430597288,96,2.0
2,32,0.6636242587659095,0.917717660364902,96,2.0
2,33,-1.04950199179882,-7.58454786943623,96,2.0
2,34,0.7102645014786906,0.869213722894485,96,2.0
2,35,0.6375872738671988,0.9383399966609813,96,2.0
2,36,0.5557749166337556,0.9730399759570675,96,2.0
2,37,0.6796043016113946,0.9027704091606965,96,2.0
2,38,0.467544120636831,0.9592834291813485,96,2.0
2,39,0.9994104516685288,0.23731320286422253,96,2.0
2,40,0.533372078578885,0.9745776824248426,96,2.0
2,41,0.5757624647545097,0.9687777846868987,96,2.0
2,42,0.5715402918280489,0.9699051963468647,96,2.0
2,43,0.6039040380229772,0.9581565388201434,96,2.0
2,44,0.6202176802963795,0.9495254977664509,96,2.0
2,45,0.5115098152250355,0.9727771154478113,96,2.0
2,46,0.6257344631130543,0.9461959121971952,96,2.0
2,47,0.6371004765538678,0.9386815148412567,96,2.0
2,48,0.7310925440943145,0.8427598412144295,96,2.0
2,49,0.5933130017870554,0.962787901900464,96,2.0
4,0,0.6118544794213782,0.9541770240523229,96,2.0
4,1,0.5157073549396934,0.9733757603576406,96,2.0
4,2,0.4903659048907983,0.9679338153621542,96,2.0
4,3,0.6274299017343855,0.9451309392072548,96,2.0
4,4,0.5424430981811337,0.9743675885673092,96,2.0
4,5,0.47320208382624834,0.9617593001922929,96,2.0
4,6,0.4552274959761863,0.953138591367948,96,2.0
4,7,0.589228547028102,0.9643695226231682,96,2.0
4,8,0.4606810325071589,0.9559870693205075,96,2.0
4,9,0.560041976526862,0.9723588844770932,96,2.0
4,10,0.45586989939063033,0.9534846730116731,96,2.0
4,11,0.49181657073621654,0.9683635632323532,96,2.0
4,12,0.4757378776471882,0.9627980620422175,96,2.0
4,13,0.5277478675626098,0.974426009635539,96,2.0
4,14,0.5493600405784255,0.9738301446762595,96,2.0
4,15,0.5465952896372419,0.9740841249807326,96,2.0
4,16,0.5982059911361091,0.960743349277852,96,2.0
4,17,0.44365445507696066,0.9464216080937307,96,2.0
4,18,0.513228725079201,0.9730367967034443,96,2.0
4,19,0.40037702046085893,0.9132058816466488,96,2.0
4,20,0.5571453917175876,0.9728347676179875,96,2.0
4,21,0.4710518296184596,0.9608440984480904,96,2.0
4,22,0.5413082965483458,0.974424593366747,96,2.0
4,23,0.5574744776092477,0.9727835839744614,96,2.0
4,24,0.6047198480809912,0.9577680482541081,96,2.0
4,25,0.5390963455265476,0.9745104540608711,96,2.0
4,26,0.4360440828555987,0.9415065388086867,96,2.0
4,27,0.4756059743147116,0.9627451108363271,96,2.0
4,28,0.6034573582200069,0.9583673250455321,96,2.0
4,29,0.5167698419987897,0.9735082258014253,96,2.0
4,30,0.5987715041617044,0.9604965177189219,96,2.0
4,31,0.5018214540328403,0.9709364618227496,96,2.0
4,32,0.5520315681438321,0.9735351863325916,96,2.0
4,33,0.5119110982312707,0.9728395422245709,96,2.0
4,34,0.49258179762275595,0.96858447113647,96,2.0
4,35,0.521822633893167,0.9740327775832907,96,2.0
4,36,0.5510055258447415,0.9736542290465288,96,2.0
4,37,0.45575618644122795,0.953423617575648,96,2.0
4,38,0.5859926479869504,0.9655417526802139,96,2.0
4,39,0.6066966546738651,0.9568078569768651,96,2.0
4,40,0.5638431492497098,0.9716475379064393,96,2.0
4,41,0.5651210028023194,0.9713862622872558,96,2.0
4,42,0.6308825651238996,0.9429015493823675,96,2.0
4,43,0.533874190417764,0.974580730007517,96,2.0
4,44,0.5255862055608901,0.9743103018175395,96,2.0
4,45,0.4880657903692568,0.9672229958238061,96,2.0
4,46,0.5695458346332888,0.9703954644509045,96,2.0
4,47,0.6640545202492083,0.917338029468551,96,2.0
4,48,0.5968884705656196,0.9613099493024585,96,2.0
4,49,0.5563513298716314,0.9729552279617828,96,2.0
8,0,0.5321883156676783,0.974563689828307,96,2.0
8,1,0.5474573425296008,0.9740105287873094,96,2.0
8,2,0.47537936352515064,0.9626538631783762,96,2.0
8,3,0.5126268528510022,0.9729481633430452,96,2.0
8,4,0.6503812991552348,0.9287845830237559,96,2.0
8,5,0.5296312001825808,0.9745008322475971,96,2.0
8,6,0.56344435994609,0.9717267952984487,96,2.0
8,7,0.5377901212509385,0.9745454810069528,96,2.0
8,8,0.48242101761170136,0.9653255707487248,96,2.0
8,9,0.49703649600719796,0.969791144291844,96,2.0
8,10,0.48060830357205825,0.9646701338723473,96,2.0
8,11,0.6057599136698787,0.9572661822357444,96,2.0
8,12,0.46477942603507766,0.9579941908603753,96,2.0
8,13,0.5419626235869766,0.9743927968269863,96,2.0
8,14,0.49691795041742753,0.9697607865574528,96,2.0
8,15,0.4801743973191458,0.9645099177252177,96,2.0
8,16,0.5400017695973728,0.9744793438173212,96,2.0
8,17,0.5819838732532306,0.9668948931935847,96,2.0
8,18,0.5457753732574867,0.9741494195052813,96,2.0
8,19,0.6749450015545886,0.9073085095488999,96,2.0
8,20,0.5775145339565345,0.9682742379124032,96,2.0
8,21,0.5081709955443133,0.9722151042488572,96,2.0
8,22,0.5366227807260011,0.9745669338229813,96,2.0
8,23,0.5276896196296867,0.9744233097264196,96,2.0
8,24,0.49312231643208027,0.968738102085701,96,2.0
8,25,0.5306141435297768,0.9745302726838275,96,2.0
8,26,0.4549340290674891,0.952979555214732,96,2.0
8,27,0.5016011634817532,0.9708871637121205,96,2.0
8,28,0.510693656100494,0.9726467577517872,96,2.0
8,29,0.6060487795928718,0.9571254853677504,96,2.0
8,30,0.5898577399786096,0.9641332967587432,96,2.0
8,31,0.6106547886857947,0.9548051443030929,96,2.0
8,32,0.47617829472772366,0.9629740030144224,96,2.0
8,33,0.5337758662859698,0.974580268659252,96,2.0
8,34,0.5558314554476795,0.9730317635222631,96,2.0
8,35,0.6136580208987039,0.9532142698115462,96,2.0
8,36,0.5530602651700202,0.9734086252797954,96,2.0
8,37,0.49934651437476524,0.9703635679918343,96,2.0
8,38,0.4946428242604778,0.9691595838819601,96,2.0
8,39,0.5016021707049094,0.9708873898687653,96,2.0
8,40,0.6241253052237116,0.9471885491757245,96,2.0
8,41,0.5271803804570373,0.9743987196637738,96,2.0
8,42,0.545423830736244,0.9741760099961757,96,2.0
8,43,0.564939790735059,0.9714239916080862,96,2.0
8,44,0.5639279728379312,0.9716305397050916,96,2.0
8,45,0.5307319038067662,0.974533357596878,96,2.0
8,46,0.5569673542780984,0.9728621502862256,96,2.0
8,47,0.5048975787219606,0.9715902673130676,96,2.0
8,48,0.6651166459744556,0.916395481166409,96,2.0
8,49,0.6310918024233655,0.9427638308439639,96,2.0
16,0,0.5656673826579273,0.9712711469751196,96,2.0
16,1,0.5304637286423111,0.9745261947319522,96,2.0
16,2,0.5367415325375539,0.974565176232681,96,2.0
16,3,0.5671436366026765,0.9709499333076,96,2.0
16,4,0.5772455675844479,0.9683528999244517,96,2.0
16,5,0.5535407099349735,0.9733470426017099,96,2.0
16,6,0.5125333343757806,0.9729341697162842,96,2.0
16,7,0.5282661118253897,0.9744490121495645,96,2.0
16,8,0.606146345170454,0.9570778358472726,96,2.0
16,9,0.5166291121798721,0.9734911228291049,96,2.0
16,10,0.5465047284396272,0.9740915621913155,96,2.0
16,11,0.6008341221229577,0.9595777475336531,96,2.0
16,12,0.5208849968979519,0.9739485998147179,96,2.0
16,13,0.5646048265090239,0.9714931431461326,96,2.0
16,14,0.5397039538633583,0.9744901940044619,96,2.0
16,15,0.5493527242296127,0.9738308856026593,96,2.0
16,16,0.502443639104626,0.9710739105248138,96,2.0
16,17,0.5038319240755559,0.9713710794633246,96,2.0
16,18,0.5701852879737955,0.970241232734279,96,2.0
16,19,0.5102964028865761,0.9725816637757323,96,2.0
16,20,0.5087473987143561,0.9723175596543546,96,2.0
16,21,0.561582878660745,0.9720824028618542,96,2.0
16,22,0.5890361092642068,0.9644412326066384,96,2.0
16,23,0.5196250019616571,0.9738260361611933,96,2.0
16,24,0.5610038212085138,0.9721882021488354,96,2.0
16,25,0.5147093848190217,0.9732443241265709,96,2.0
16,26,0.5530739232724631,0.973406896353063,96,2.0
16,27,0.5402318375176449,0.9744705475649548,96,2.0
16,28,0.4939880249255081,0.9689800084957718,96,2.0
16,29,0.5615344310327492,0.972091342394654,96,2.0
16,30,0.6137393200603654,0.9531703485228785,96,2.0
16,31,0.4890578197808665,0.9675339958207327,96,2.0
16,32,0.5412668950737621,0.9744265069831207,96,2.0
16,33,0.5541365965851093,0.9732684748920155,96,2.0
16,34,0.5477368329274136,0.9739855794496681,96,2.0
16,35,0.4955042317386443,0.9693913651869238,96,2.0
16,36,0.5557952536774944,0.9730370244510411,96,2.0
16,37,0.5074647703589281,0.972086483061504,96,2.0
16,38,0.5157576905810319,0.9733822097405451,96,2.0
16,39,0.5430461207699733,0.9743337219788709,96,2.0
16,40,0.5033209506522273,0.9712632323913839,96,2.0
16,41,0.5037965584495043,0.9713636725010919,96,2.0
16,42,0.5220316046823938,0.9740507208928195,96,2.0
16,43,0.532466522671818,0.9745678377553697,96,2.0
16,44,0.5032161841143012,0.9712409001015762,96,2.0
16,45,0.5401938620493166,0.9744720243761117,96,2.0
16,46,0.5906085591635558,0.9638478727075619,96,2.0
16,47,0.554362786083409,0.9732380174844553,96,2.0
16,48,0.5904330269969742,0.9639149457637918,96,2.0
16,49,0.6052745342489191,0.9575013122639071,96,2.0
32,0,0.5319113096399443,0.9745590351688406,96,2.0
32,1,0.5020040869833321,0.9709770816379725,96,2.0
32,2,0.5742406814012782,0.9691981519580899,96,2.0
32,3,0.5415355443480561,0.9744138814971661,96,2.0
32,4,0.5469005514334554,0.9740586436085606,96,2.0
32,5,0.5292314027442931,0.974486972008467,96,2.0
32,6,0.5209949842671537,0.9739587846236871,96,2.0
32,7,0.5301220531786615,0.9745163578980515,96,2.0
32,8,0.5724817778583248,0.9696643355175196,96,2.0
32,9,0.516732459692674,0.9735036958880391,96,2.0
32,10,0.5254481518398294,0.9743018291693453,96,2.0
32,11,0.5649863518710392,0.9714143187174608,96,2.0
32,12,0.5214565127616095,0.9740006222889888,96,2.0
32,13,0.4995080489766102,0.9704022344419706,96,2.0
32,14,0.502619785252208,0.9711123437817891,96,2.0
32,15,0.5577957038300357,0.9727329101703736,96,2.0
32,16,0.5110103433942054,0.9726978789177188,96,2.0
32,17,0.5569353450195194,0.9728670504666898,96,2.0
32,18,0.5537679805185654,0.9733173627322463,96,2.0
32,19,0.5198006515529717,0.9738437718665915,96,2.0
32,20,0.5196999925746997,0.9738336338693256,96,2.0
32,21,0.525650945981139,0.9743142302877701,96,2.0
32,22,0.5207447634367857,0.9739354945256908,96,2.0
32,23,0.5074211664664151,0.9720784301753825,96,2.0
32,24,0.5082305493287947,0.9722257949062441,96,2.0
32,25,0.5210899538668745,0.9739675123915963,96,2.0
32,26,0.5186053471616034,0.9737189218889966,96,2.0
32,27,0.5476334661090051,0.9739948688233129,96,2.0
32,28,0.5113544427211686,0.9727526494312305,96,2.0
32,29,0.5336122966766579,0.9745793550417765,96,2.0
32,30,0.543210158706129,0.9743240801548249,96,2.0
32,31,0.5495722921735201,0.9738084909884982,96,2.0
32,32,0.5316838219741827,0.9745548210954553,96,2.0
32,33,0.529756795599312,0.9745049613121386,96,2.0
32,34,0.5089384291960393,0.9723510151394784,96,2.0
32,35,0.5494373168371235,0.9738222966129033,96,2.0
32,36,0.539908222888234,0.9744828171468218,96,2.0
32,37,0.5125847511147601,0.9729418708387785,96,2.0
32,38,0.5339600666285169,0.9745810789883732,96,2.0
32,39,0.5450656107460787,0.974202238257913,96,2.0
32,40,0.5164319091745568,0.9734669293102471,96,2.0
32,41,0.5005984073082519,0.9706585765538218,96,2.0
32,42,0.5416177221515234,0.9744099211089765,96,2.0
32,43,0.5092187452310226,0.9723996566393471,96,2.0
32,44,0.5663281424256489,0.9711292123668197,96,2.0
32,45,0.562068287061286,0.9719919515590695,96,2.0
32,46,0.541909917972557,0.9743954661835826,96,2.0
32,47,0.5238066491425543,0.9741911219777817,96,2.0
32,48,0.5135955909690325,0.9730896100425439,96,2.0
32,49,0.5293127777231178,0.9744898815192916,96,2.0
64,0,0.5448631466840262,0.9742166750966387,96,2.0
64,1,0.530754609228879,0.9745339415210638,96,2.0
64,2,0.5132419794098984,0.9730387207605738,96,2.0
64,3,0.5262132592915357,0.9743471488440331,96,2.0
64,4,0.518345017627882,0.973690437707343,96,2.0
64,5,0.5449228107957337,0.9742124497700567,96,2.0
64,6,0.5344632849421631,0.974582112713857,96,2.0
64,7,0.5274203640766594,0.9744105283790625,96,2.0
64,8,0.5467144457669157,0.9740742542080805,96,2.0
64,9,0.5448832533154929,0.9742152538870987,96,2.0
64,10,0.521966691730599,0.974045179031225,96,2.0
64,11,0.5322365615429143,0.9745644469966439,96,2.0
64,12,0.5294676371079341,0.9744952936250623,96,2.0
64,13,0.533601054162512,0.9745792855425658,96,2.0
64,14,0.5207260942215595,0.9739337397049611,96,2.0
64,15,0.5393194622325279,0.9745033071082535,96,2.0
64,16,0.5175547040284565,0.9736011323861299,96,2.0
64,17,0.5358746347605521,0.9745757943743488,96,2.0
64,18,0.5257610397987155,0.9743208451572772,96,2.0
64,19,0.5316977131792713,0.9745550885432542,96,2.0
64,20,0.5429257476522862,0.9743406804865989,96,2.0
64,21,0.5423019571767718,0.9743751569542476,96,2.0
64,22,0.5544715212033969,0.9732232515933983,96,2.0
64,23,0.529806511316748,0.9745065660306236,96,2.0
64,24,0.525984578886341,0.9743340218551196,96,2.0
64,25,0.5440290907218885,0.9742731989656735,96,2.0
64,26,0.5319442746041338,0.9745596165369597,96,2.0
64,27,0.5221510969243649,0.9740608472261999,96,2.0
64,28,0.5282087235279299,0.9744465551624935,96,2.0
64,29,0.5296405799884837,0.9745011443358355,96,2.0
64,30,0.5273336727377115,0.9744063079479077,96,2.0
64,31,0.5361529900485162,0.9745729437987737,96,2.0
64,32,0.5311548543262364,0.9745436573137095,96,2.0
64,33,0.5357218908599009,0.9745771339692202,96,2.0
64,34,0.5269411646135305,0.9743865576913133,96,2.0
64,35,0.5277991622331442,0.9744283680793847,96,2.0
64,36,0.5203485414975375,0.973897741175993,96,2.0
64,37,0.5366702792131619,0.9745662423650338,96,2.0
64,38,0.5138746422601892,0.9731291668993871,96,2.0
64,39,0.5382131819126309,0.9745354110041655,96,2.0
64,40,0.5153256354670903,0.9733262889796159,96,2.0
64,41,0.5363099951517325,0.9745711027732438,96,2.0
64,42,0.5282598386381954,0.9744487446670353,96,2.0
64,43,0.530591908335855,0.9745296795798747,96,2.0
64,44,0.5252839164434493,0.9742915803405409,96,2.0
64,45,0.5383587055806545,0.9745316648884521,96,2.0
64,46,0.5292483588815745,0.9744875819904854,96,2.0
64,47,0.5331275996390866,0.9745755759152174,96,2.0
64,48,0.5283058561185578,0.974450700568206,96,2.0
64,49,0.5241357249847548,0.9742147889742999,96,2.0
96,0,0.5314842579095433,0.974550833570744,96,2.0
0,0,1.0,-0.18771430947699197,96,5.0
1,0,0.37785788916389035,0.9309281650179916,96,5.0
1,1,0.5340141700944941,0.9604674306835483,96,5.0
1,2,0.3609016816192258,0.9152028147169329,96,5.0
1,3,-0.8619418507309916,-6.68426029324382,96,5.0
1,4,0.42073734098535165,0.9597533689601425,96,5.0
1,5,0.47364647243507096,0.9737078380886063,96,5.0
1,6,0.5786113090474007,0.9307231043291087,96,5.0
1,7,0.3905994395746405,0.9411311195694981,96,5.0
1,8,0.3905994395746405,0.9411311195694981,96,5.0
1,9,0.7372005303169646,0.6875341469747944,96,5.0
1,10,0.4287426149465374,0.963397676189142,96,5.0
1,11,0.5107267639134357,0.9692574874181138,96,5.0
1,12,0.6413061297766934,0.8602223629354672,96,5.0
1,13,0.6200544362079684,0.8878759685177326,96,5.0
1,14,0.4309470695040609,0.9643052468444887,96,5.0
1,15,0.3503764006152757,0.9042080482420607,96,5.0
1,16,0.6200544362079684,0.8878759685177326,96,5.0
1,17,0.838002572669154,0.42145344414042196,96,5.0
1,18,0.5072464047922975,0.9701738921023312,96,5.0
1,19,0.7477416614953922,0.6637669014818894,96,5.0
1,20,0.731880175696359,0.6991701508049568,96,5.0
1,21,-0.3959532775293072,-2.2842934233465626,96,5.0
1,22,0.6384225852144603,0.8642004263832126,96,5.0
1,23,0.3836865318718838,0.9357673534637253,96,5.0
1,24,0.5046135395398886,0.9707985062786252,96,5.0
1,25,0.711781224304057,0.7409492656182137,96,5.0
1,26,0.6927963054228816,0.7772483678469658,96,5.0
1,27,0.40203446608006727,0.9491088854376075,96,5.0
1,28,0.3905994395746405,0.9411311195694981,96,5.0
1,29,0.4689648048629796,0.9734359447101698,96,5.0
1,30,0.19393667217348431,0.6294006679169978,96,5.0
1,31,0.46157348527505043,0.9726261376855222,96,5.0
1,32,0.5107267639134357,0.9692574874181138,96,5.0
1,33,0.5703292876113166,0.9375294612678606,96,5.0
1,34,-0.5308809468938109,-3.3678163831516548,96,5.0
1,35,0.4422844633975568,0.9683181035243645,96,5.0
1,36,0.731880175696359,0.6991701508049568,96,5.0
1,37,0.6236731699650465,0.8834392344588134,96,5.0
1,38,0.5681241451687407,0.939243077977899,96,5.0
1,39,0.7591946734122117,0.6368693911340828,96,5.0
1,40,0.4689648048629796,0.9734359447101698,96,5.0
1,41,0.3905994395746405,0.9411311195694981,96,5.0
1,42,0.6103486167391303,0.8992242352191127,96,5.0
1,43,0.24967115584084107,0.7512415783171086,96,5.0
1,44,0.5441432048388539,0.9552006833520877,96,5.0
1,45,0.8197131512242264,0.4761665095684233,96,5.0
1,46,0.4363320588526989,0.9663479511892773,96,5.0
1,47,0.409972853540165,0.9539913254802483,96,5.0
1,48,0.711781224304057,0.7409492656182137,96,5.0
1,49,0.8197131512242264,0.4761665095684233,96,5.0
2,0,0.6453271787147181,0.8545566284872228,96,5.0
2,1,0.5736433093028049,0.9348761331382182,96,5.0
2,2,0.3948421477130685,0.9442212212863771,96,5.0
2,3,0.3639659097630192,0.9182261431349075,96,5.0
2,4,0.5886976860951911,0.9216437925982381,96,5.0
2,5,0.5383840333014689,0.958302577883315,96,5.0
2,6,0.4301800842247948,0.963994181877822,96,5.0
2,7,0.40319685626186463,0.9498573929866493,96,5.0
2,8,0.4359772764736562,0.9662209811314687,96,5.0
2,9,0.43155397652375543,0.9645478332546187,96,5.0
2,10,0.39603858182086604,0.9450648711822637,96,5.0
2,11,0.5737453517989296,0.9347929475994226,96,5.0
2,12,0.4204649701457971,0.9596197605429782,96,5.0
2,13,0.42042312916633817,0.9595991798608491,96,5.0
2,14,0.5649571814023439,0.9416315725375001,96,5.0
2,15,0.5397315976489905,0.957602130976204,96,5.0
2,16,0.4256137079691831,0.9620383449710604,96,5.0
2,17,0.4769242027688444,0.9737869396304287,96,5.0
2,18,0.5174333524471604,0.9672002404605978,96,5.0
2,19,0.49858284736069514,0.9720064017679204,96,5.0
2,20,0.5304315286627282,0.9621207889005531,96,5.0
2,21,0.4609163549460815,0.9725315866026765,96,5.0
2,22,0.5330846884595064,0.9609068950883328,96,5.0
2,23,0.3932396449660647,0.9430721096376478,96,5.0
2,24,0.5612135198814379,0.9443446791141012,96,5.0
2,25,0.3791695600285708,0.9320424367192908,96,5.0
2,26,0.5705509127104295,0.937354942743458,96,5.0
2,27,0.3718228464786913,0.9256122827041382,96,5.0
2,28,0.505241966629421,0.970654791650412,96,5.0
2,29,0.3577230383941193,0.9119819734619291,96,5.0
2,30,0.37709464616594907,0.9302730322485431,96,5.0
2,31,0.4677890649436883,0.9733382932525804,96,5.0
2,32,-0.5303951785527681,-3.3636369629141223,96,5.0
2,33,0.6475942040710476,0.8513015546819438,96,5.0
2,34,0.4213229167186266,0.9600384740022645,96,5.0
2,35,0.7369012667460387,0.6881950662663855,96,5.0
2,36,0.3843365167919835,0.9362890407263605,96,5.0
2,37,0.40036614099173423,0.9480144475181674,96,5.0
2,38,0.4844886245053154,0.973619737527479,96,5.0
2,39,0.5787195717886785,0.9306302577865287,96,5.0
2,40,0.5101824377852621,0.9694076279866416,96,5.0
2,41,0.5835165548601586,0.9264160004702398,96,5.0
2,42,0.5332704767995475,0.9608196424935846,96,5.0
2,43,0.5714266791815028,0.936661222595608,96,5.0
2,44,0.3942306421854512,0.9437853114197464,96,5.0
2,45,0.5248661127106077,0.9644720611503561,96,5.0
2,46,0.37512851110572853,0.9285625072217877,96,5.0
2,47,0.7384364027179886,0.6847966497349912,96,5.0
2,48,0.6549342895023114,0.8404616823659339,96,5.0
2,49,0.591065592017139,0.9193865444567403,96,5.0
4,0,0.4215883900715466,0.960166764145361,96,5.0
4,1,0.4219408525992767,0.9603361630415346,96,5.0
4,2,0.4104612559241555,0.954274161948572,96,5.0
4,3,0.5060956626725965,0.970454164548651,96,5.0
4,4,0.5000620560229173,0.9717388404710882,96,5.0
4,5,0.4157525084706981,0.9572079385129963,96,5.0
4,6,0.38321738284605106,0.9353885686396612,96,5.0
4,7,0.41475072087078285,0.9566708147923793,96,5.0
4,8,0.5739375737287663,0.9346360061282871,96,5.0
4,9,0.3804994640504003,0.933157216090122,96,5.0
4,10,0.47306824059874214,0.9736843752203033,96,5.0
4,11,0.4141092206816846,0.9563223691231096,96,5.0
4,12,0.39410288958605144,0.943693840613316,96,5.0
4,13,0.5872699338892651,0.9229817119652479,96,5.0
4,14,0.6011416454449868,0.9092466551413347,96,5.0
4,15,0.556161851855022,0.9478162461610146,96,5.0
4,16,0.4062665687096657,0.9517786963172448,96,5.0
4,17,0.48002178005343,0.9737774773933788,96,5.0
4,18,0.5459834855282504,0.9541498665526564,96,5.0
4,19,0.6120442698875804,0.8972995616123229,96,5.0
4,20,0.4783932745881217,0.9737926544702885,96,5.0
4,21,0.6025395110056186,0.9077715346178881,96,5.0
4,22,0.4418892022291443,0.9681966454478443,96,5.0
4,23,0.4148016017611039,0.9566983016898408,96,5.0
4,24,0.39559699686177535,0.9447549148104514,96,5.0
4,25,0.45293390219790164,0.9710889286093854,96,5.0
4,26,0.42886966477599964,0.9634511079709043,96,5.0
4,27,0.4703486391296476,0.9735357744024628,96,5.0
4,28,0.7079884714551471,0.7484467198133773,96,5.0
4,29,0.6687595710723432,0.8187965650737106,96,5.0
4,30,0.5774096790900453,0.9317469143834923,96,5.0
4,31,0.4506247407517519,0.9705702502015858,96,5.0
4,32,0.42822209141749545,0.9631773285418248,96,5.0
4,33,0.4263209107392819,0.9623528877493867,96,5.0
4,34,0.5781299876482847,0.9311346772205039,96,5.0
4,35,0.42227168728051645,0.9604942032281846,96,5.0
4,36,0.49709801545788773,0.9722562115352419,96,5.0
4,37,0.3938234531366532,0.9434932790013231,96,5.0
4,38,0.4785277531329664,0.973792257987212,96,5.0
4,39,0.43318584593685033,0.9651845266906689,96,5.0
4,40,0.49596562142975575,0.972434087818272,96,5.0
4,41,0.6280795992885745,0.8778859454489581,96,5.0
4,42,0.5737005383889608,0.9348294906460002,96,5.0
4,43,0.42052021327135086,0.9596469105821805,96,5.0
4,44,0.3856448145558494,0.9373281735435772,96,5.0
4,45,0.5626387298748226,0.9433258920824509,96,5.0
4,46,0.4530856405114557,0.9711214192789698,96,5.0
4,47,0.5756125291534507,0.9332551353370414,96,5.0
4,48,0.5105961561015434,0.9692937431868154,96,5.0
4,49,0.42697077210977086,0.962638165865291,96,5.0
8,0,0.4065372193949737,0.9519442385153809,96,5.0
8,1,0.5230647969535756,0.9651764899005458,96,5.0
8,2,0.4343194899728691,0.9656134617283932,96,5.0
8,3,0.4968631975021545,0.9722939955281875,96,5.0
8,4,0.49481197655768155,0.9726040554110597,96,5.0
8,5,0.4599987063934093,0.9723933882434557,96,5.0
8,6,0.5500443706675059,0.9517288694550294,96,5.0
8,7,0.4204348417116979,0.9596049425160607,96,5.0
8,8,0.5103814810879774,0.9693530192899366,96,5.0
8,9,0.45207224001643065,0.9709007030473049,96,5.0
8,10,0.5461584424962831,0.9540484609623493,96,5.0
8,11,0.44460725366963877,0.9690049395846865,96,5.0
8,12,0.4684253508920996,0.9733926039768884,96,5.0
8,13,0.38072949740508244,0.933348509080322,96,5.0
8,14,0.49699826526585705,0.9722723195552015,96,5.0
8,15,0.5118862913259332,0.9689292316058628,96,5.0
8,16,0.45454204291589734,0.9714232806193298,96,5.0
8,17,0.4243124199567993,0.9614484248251962,96,5.0
8,18,0.4598501964507697,0.9723703473409573,96,5.0
8,19,0.4290441970302276,0.9635242843837557,96,5.0
8,20,0.44839152167637775,0.9700253697536015,96,5.0
8,21,0.42961781104557095,0.9637629543198263,96,5.0
8,22,0.4749829772462112,0.9737511561529687,96,5.0
8,23,0.37930873471103527,0.9321598052870474,96,5.0
8,24,0.45374922081541186,0.9712611998729502,96,5.0
8,25,0.451380560014692,0.9707450273092345,96,5.0
8,26,0.3971293443777196,0.9458233690415773,96,5.0
8,27,0.5985084751662669,0.9119800856633578,96,5.0
8,28,0.5040652686506244,0.9709211387678666,96,5.0
8,29,0.5442677621458387,0.955130471368246,96,5.0
8,30,0.4279594072871374,0.9630652519139473,96,5.0
8,31,0.43861223709829744,0.967138362735732,96,5.0
8,32,0.4105637635639406,0.9543332663634873,96,5.0
8,33,0.38698470392924483,0.9383772666474546,96,5.0
8,34,0.45064457582942713,0.9705748991583238,96,5.0
8,35,0.45476143374386196,0.9714671848005324,96,5.0
8,36,0.46330626281421705,0.972857797863723,96,5.0
8,37,0.5308381474015776,0.9619386452031513,96,5.0
8,38,0.44481046818448633,0.9690628399008825,96,5.0
8,39,0.5209936483827474,0.9659522368876045,96,5.0
8,40,0.45394561065357814,0.9713018483884107,96,5.0
8,41,0.4630839914991812,0.9728295135366983,96,5.0
8,42,0.49517192232820667,0.972552242589608,96,5.0
8,43,0.5046944169384225,0.9707801993255647,96,5.0
8,44,0.5675794665173809,0.9396599605928555,96,5.0
8,45,0.5553494346501017,0.9483542324202179,96,5.0
8,46,0.45778072005653714,0.9720296993308981,96,5.0
8,47,0.4411477249618543,0.9679652057065288,96,5.0
8,48,0.49777300748529063,0.9721449812753638,96,5.0
8,49,0.4689254162043354,0.9734328641504234,96,5.0
16,0,0.44368652257709107,0.9687381897387177,96,5.0
16,1,0.46992901071966636,0.9735072279099705,96,5.0
16,2,0.49947929305637234,0.9718464792982133,96,5.0
16,3,0.44652422231905314,0.9695371164938817,96,5.0
16,4,0.5379223813748095,0.9585389768541912,96,5.0
16,5,0.4501000514116945,0.9704460548120203,96,5.0
16,6,0.4536221064795781,0.9712347145452014,96,5.0
16,7,0.4984179635030483,0.9720350701373042,96,5.0
16,8,0.4468837628895689,0.9696334393962336,96,5.0
16,9,0.47767345458921456,0.9737921542751592,96,5.0
16,10,0.48025631816992,0.9737734281733941,96,5.0
16,11,0.4329508944009363,0.9650942571848753,96,5.0
16,12,0.4219409586244943,0.9603362138394668,96,5.0
16,13,0.43457673718701134,0.9657092700713532,96,5.0
16,14,0.5457618450169159,0.9542779552047609,96,5.0
16,15,0.4263768142301746,0.9623775700345106,96,5.0
16,16,0.45913612078716814,0.9722569337492426,96,5.0
16,17,0.4492356944447427,0.9702363390333174,96,5.0
16,18,0.5137117065856707,0.9683892301718774,96,5.0
16,19,0.5330246351269603,0.9609350352388641,96,5.0
16,20,0.4420419747766802,0.9682437482385241,96,5.0
16,21,0.4957910071079077,0.9724605429464762,96,5.0
16,22,0.45847573211029047,0.9721481761933645,96,5.0
16,23,0.4283447673078808,0.963229467748239,96,5.0
16,24,0.47718201591244624,0.973789274273263,96,5.0
16,25,0.41485054482770195,0.9567247209000832,96,5.0
16,26,0.5000696155406116,0.9717374251649166,96,5.0
16,27,0.48480514856906126,0.9736021032283422,96,5.0
16,28,0.4458695346978097,0.9693588904035259,96,5.0
16,29,0.46749280340426247,0.9733118274007853,96,5.0
16,30,0.48142373046706094,0.9737462936265646,96,5.0
16,31,0.40742420260719664,0.952482378721965,96,5.0
16,32,0.4781389240910069,0.9737929826138274,96,5.0
16,33,0.4436999177923227,0.9687421223679816,96,5.0
16,34,0.4377612807459028,0.9668485698399903,96,5.0
16,35,0.4670375067284974,0.9732696952581261,96,5.0
16,36,0.4382074191729801,0.9670012723255218,96,5.0
16,37,0.446052378888341,0.9694090341294267,96,5.0
16,38,0.46534774623060615,0.9730978711899254,96,5.0
16,39,0.5043641411486987,0.9708546074246783,96,5.0
16,40,0.4437084823005382,0.9687446359738795,96,5.0
16,41,0.44886130611043895,0.9701435247844418,96,5.0
16,42,0.4334856191485252,0.965299017405734,96,5.0
16,43,0.47244228258895393,0.973655761279842,96,5.0
16,44,0.465573941398434,0.9731222837303766,96,5.0
16,45,0.4926803796759312,0.9728882418430116,96,5.0
16,46,0.4700239600201036,0.9735138185908989,96,5.0
16,47,0.46792464711069387,0.9733501554875201,96,5.0
16,48,0.4502885945999621,0.9704909537741556,96,5.0
16,49,0.4632846257180005,0.9728550630267798,96,5.0
32,0,0.4523965266318958,0.9709722849035511,96,5.0
32,1,0.45650403787409166,0.971801331892389,96,5.0
32,2,0.4821153079096011,0.9737247364237275,96,5.0
32,3,0.4475159705164361,0.9698001374809174,96,5.0
32,4,0.42874139995151755,0.9633971645490623,96,5.0
32,5,0.4336718681067606,0.9653697644034147,96,5.0
32,6,0.46078939990222884,0.9725128951908333,96,5.0
32,7,0.45671057555472266,0.9718392190380585,96,5.0
32,8,0.47115867932885924,0.9735866320125827,96,5.0
32,9,0.45400943903267377,0.97131498867298,96,5.0
32,10,0.4427987709110552,0.9684741478892203,96,5.0
32,11,0.451415498939793,0.9707529888321265,96,5.0
32,12,0.5003909396874269,0.971676815625123,96,5.0
32,13,0.5000381622068667,0.9717433107082967,96,5.0
32,14,0.44673605951105777,0.9695940022797216,96,5.0
32,15,0.4674409665545494,0.9733071197228267,96,5.0
32,16,0.4508669126456235,0.9706267809685599,96,5.0
32,17,0.46513125915587755,0.9730740977217668,96,5.0
32,18,0.43681630926590453,0.966519522773778,96,5.0
32,19,0.45484399320601787,0.9714836001729006,96,5.0
32,20,0.464399589724415,0.9729907911770499,96,5.0
32,21,0.49139785972335936,0.9730405555481989,96,5.0
32,22,0.434684057078816,0.9657490731027961,96,5.0
32,23,0.4535606407744931,0.9712218582238397,96,5.0
32,24,0.47406765296361403,0.9737231332130789,96,5.0
32,25,0.4440930450371738,0.9688568569459657,96,5.0
32,26,0.455228595279694,0.9715593047351413,96,5.0
32,27,0.4878891924983926,0.9733855595439515,96,5.0
32,28,0.4271759890325815,0.9627275042861854,96,5.0
32,29,0.45726615062914694,0.971939327737641,96,5.0
32,30,0.5106863325743786,0.9692687264090107,96,5.0
32,31,0.45180209552306083,0.9708403875181753,96,5.0
32,32,0.4652894992657729,0.9730915141218905,96,5.0
32,33,0.44360703377877947,0.9687148215634297,96,5.0
32,34,0.4352774443820473,0.9659673767016745,96,5.0
32,35,0.46185619064760414,0.9726656816253806,96,5.0
32,36,0.46848362370321084,0.9733974052994082,96,5.0
32,37,0.4490448572297919,0.9701891781443276,96,5.0
32,38,0.47049584718577875,0.9735454328305329,96,5.0
32,39,0.4465415702681943,0.9695417894209131,96,5.0
32,40,0.4575951537105049,0.9719973694778177,96,5.0
32,41,0.4526688378611171,0.9710317010825856,96,5.0
32,42,0.4539018330774763,0.9712928158535202,96,5.0
32,43,0.4625006289246174,0.9727532756224089,96,5.0
32,44,0.4491403568570703,0.9702128174383056,96,5.0
32,45,0.46235022520603486,0.9727331491696874,96,5.0
32,46,0.45308269626747405,0.971120790716721,96,5.0
32,47,0.49075049670634324,0.9731121093690442,96,5.0
32,48,0.4362241622089586,0.9663094505735751,96,5.0
32,49,0.4372576353321522,0.9666741441316575,96,5.0
64,0,0.46864115352092545,0.9734102398165166,96,5.0
64,1,0.4776426613590099,0.9737920343075608,96,5.0
64,2,0.464786274033943,0.9730353872369284,96,5.0
64,3,0.467538808265219,0.9733159862382917,96,5.0
64,4,0.45333230859585594,0.9711738175061816,96,5.0
64,5,0.4594895882233901,0.9723136170464066,96,5.0
64,6,0.4499580971654287,0.970412050291403,96,5.0
64,7,0.46631338829114694,0.9731990448766001,96,5.0
64,8,0.44790951998227724,0.9699021855609812,96,5.0
64,9,0.4519996600423562,0.9708845591677858,96,5.0
64,10,0.47136975477408083,0.973598965038997,96,5.0
64,11,0.4703375027278515,0.973535036214974,96,5.0
64,12,0.4772438352874151,0.9737897498173541,96,5.0
64,13,0.47694855294105143,0.9737871843782357,96,5.0
64,14,0.45781461707651955,0.9720355732336217,96,5.0
64,15,0.47461908946570913,0.973740871341066,96,5.0
64,16,0.464513447438151,0.9730040547871738,96,5.0
64,17,0.47089414082972053,0.9735706386117016,96,5.0
64,18,0.45989839772604096,0.9723778462531556,96,5.0
64,19,0.45264119211099846,0.9710256978414439,96,5.0
64,20,0.4458988930619207,0.9693669609436225,96,5.0
64,21,0.4446092181078938,0.9690055009826118,96,5.0
64,22,0.45208270098411674,0.9709030261636679,96,5.0
64,23,0.453832570409059,0.971278491644243,96,5.0
64,24,0.46713120652307255,0.9732785105180957,96,5.0
64,25,0.45647897097623963,0.9717967088777555,96,5.0
64,26,0.4462085654851506,0.9694516413826917,96,5.0
64,27,0.463448773402869,0.9728757108366318,96,5.0
64,28,0.46471110284804146,0.9730268176529058,96,5.0
64,29,0.4749043952135708,0.9737490307452061,96,5.0
64,30,0.45161037679052896,0.9707972045998876,96,5.0
64,31,0.44604638209178143,0.9694073940730079,96,5.0
64,32,0.43983392012295675,0.967543608199763,96,5.0
64,33,0.4519300099396092,0.9708690247301842,96,5.0
64,34,0.45741545011781826,0.9719657811232505,96,5.0
64,35,0.4518465867871335,0.9708503639575778,96,5.0
64,36,0.46152784645517475,0.9726196899655578,96,5.0
64,37,0.46918017573203424,0.9734525547310956,96,5.0
64,38,0.4753866239706247,0.9737612434908158,96,5.0
64,39,0.4610068618332321,0.9725448278700694,96,5.0
64,40,0.4480549170989571,0.9699395531185773,96,5.0
64,41,0.47550823266402487,0.9737640101541242,96,5.0
64,42,0.45300147527436896,0.9711034218159358,96,5.0
64,43,0.4482313925275114,0.9699846656720454,96,5.0
64,44,0.4498844328506603,0.9703943365907135,96,5.0
64,45,0.4482599567061786,0.9699919425791466,96,5.0
64,46,0.4631828252229848,0.972842142288924,96,5.0
64,47,0.46255416508271835,0.9727603930662595,96,5.0
64,48,0.43951078099556606,0.9674376576872732,96,5.0
64,49,0.4521261871365223,0.9709126733339375,96,5.0
96,0,0.4577951022610192,0.9720321927725589,96,5.0
0,0,1.0,-0.7918604003831333,96,8.0
1,0,0.40797644004121864,0.9713845800922396,96,8.0
1,1,0.36319508310532067,0.9518325075451514,96,8.0
1,2,0.5399889171185586,0.903864470516612,96,8.0
1,3,0.3730734048464706,0.9579944452812192,96,8.0
1,4,0.4758076136785003,0.9600372931272777,96,8.0
1,5,0.34001000627074646,0.9332591612338627,96,8.0
1,6,0.34883057290688385,0.9410046956106866,96,8.0
1,7,0.20192365383395336,0.7032170738159617,96,8.0
1,8,0.4368367300601044,0.97258802947173,96,8.0
1,9,0.5131301792721363,0.932747497579924,96,8.0
1,10,0.5423394159383182,0.9009686412619968,96,8.0
1,11,0.4421056093484342,0.9718434162426931,96,8.0
1,12,0.4918059315257976,0.9501689938675096,96,8.0
1,13,0.5423394159383182,0.9009686412619968,96,8.0
1,14,0.5318221496480254,0.9134653719577294,96,8.0
1,15,0.4468342067694849,0.9709216441144923,96,8.0
1,16,0.5138852583457773,0.9320412088540712,96,8.0
1,17,0.4758076136785003,0.9600372931272777,96,8.0
1,18,0.4170130234189152,0.9727220513877762,96,8.0
1,19,0.5850431014513792,0.8380398464742649,96,8.0
1,20,0.6113467304793269,0.7895444870359526,96,8.0
1,21,0.5318221496480254,0.9134653719577294,96,8.0
1,22,0.4175549005047806,0.9727744187063545,96,8.0
1,23,0.46207321449827665,0.966319243339481,96,8.0
1,24,0.7956684252227656,0.2415227596365559,96,8.0
1,25,0.38355151593424974,0.9633866897166862,96,8.0
1,26,0.34736280379169515,0.9397736897330067,96,8.0
1,27,0.39030437334677537,0.9662378583898028,96,8.0
1,28,0.39030437334677537,0.9662378583898028,96,8.0
1,29,-13.067659288684379,-975.4904843500041,96,8.0
1,30,0.33356969276824067,0.9270767146287409,96,8.0
1,31,0.6232467588143422,0.7651667124524509,96,8.0
1,32,0.5153157140314925,0.9306864185528918,96,8.0
1,33,0.5201974338167239,0.9258976767502444,96,8.0
1,34,0.4421056093484342,0.9718434162426931,96,8.0
1,35,-0.3252207020702406,-2.0554947875673766,96,8.0
1,36,0.6232467588143422,0.7651667124524509,96,8.0
1,37,0.39007140152711317,0.9661476393754492,96,8.0
1,38,0.34883057290688385,0.9410046956106866,96,8.0
1,39,0.38355151593424974,0.9633866897166862,96,8.0
1,40,0.39936349883876154,0.9692946143132012,96,8.0
1,41,0.4918059315257976,0.9501689938675096,96,8.0
1,42,0.42382636187852246,0.9731513535232195,96,8.0
1,43,0.34322067858468447,0.9361751126477751,96,8.0
1,44,0.596525690334919,0.8177823103075693,96,8.0
1,45,0.6113467304793269,0.7895444870359526,96,8.0
1,46,0.4918059315257976,0.9501689938675096,96,8.0
1,47,0.6113467304793269,0.7895444870359526,96,8.0
1,48,0.7956684252227656,0.2415227596365559,96,8.0
1,49,0.4961178899995825,0.9470395899817053,96,8.0
2,0,0.5357439515690152,0.9089441543651055,96,8.0
2,1,0.6549889284043126,0.6927125291208349,96,8.0
2,2,0.5939391638886841,0.8224688431771592,96,8.0
2,3,0.37277387778009113,0.9578229910890412,96,8.0
2,4,0.5171360797393536,0.928930608575028,96,8.0
2,5,0.4160508847672638,0.9726213096389273,96,8.0
2,6,0.35591631883490144,0.9466224340808689,96,8.0
2,7,0.512173507504014,0.9336335710926326,96,8.0
2,8,0.45393074719138227,0.9690882568384552,96,8.0
2,9,0.31288304812613293,0.904209029800432,96,8.0
2,10,0.47463297932467063,0.9606536724077778,96,8.0
2,11,0.36772026635218236,0.9547851477832627,96,8.0
2,12,0.3468671959088481,0.9393528092943536,96,8.0
2,13,0.3401528943843837,0.9333912837634833,96,8.0
2,14,0.4058775122889844,0.9709485868239014,96,8.0
2,15,0.4614989303633903,0.9665378479946712,96,8.0
2,16,0.4722419780198233,0.9618626110320178,96,8.0
2,17,0.3387983870808706,0.932130027910082,96,8.0
2,18,0.5012794038246349,0.9430314024291561,96,8.0
2,19,0.4174973680381916,0.9727690081676478,96,8.0
2,20,0.46353973952846306,0.9657449521098844,96,8.0
2,21,0.38028990878526925,0.961834424104396,96,8.0
2,22,0.37329719587835547,0.9581219188901998,96,8.0
2,23,0.43271820001003697,0.9729627403564083,96,8.0
2,24,0.5141676403602148,0.9317755022577937,96,8.0
2,25,0.4644756174639843,0.9653664051967429,96,8.0
2,26,-6.041041961854996,-223.32644993533495,96,8.0
2,27,0.32901755365565427,0.9224384994055284,96,8.0
2,28,0.34763823034816055,0.9400064488212416,96,8.0
2,29,0.3632101417256209,0.9518426973652855,96,8.0
2,30,0.3613148122734539,0.9505410607817909,96,8.0
2,31,0.31848936108884024,0.9108598128202722,96,8.0
2,32,0.5319159339939927,0.9133591786607126,96,8.0
2,33,0.45612675890315746,0.9684114856836677,96,8.0
2,34,0.38507326365613553,0.9640718857243026,96,8.0
2,35,0.3606908156907162,0.9501040945227608,96,8.0
2,36,-0.3119381234200522,-1.949380754521969,96,8.0
2,37,0.48523122258669904,0.9545567498821826,96,8.0
2,38,0.4644756174639843,0.9653664051967429,96,8.0
2,39,0.39721920440005887,0.9686505943845083,96,8.0
2,40,0.42214605049768017,0.973091731775716,96,8.0
2,41,0.34538214089106384,0.9380758963383936,96,8.0
2,42,0.44044220120536814,0.972110655545766,96,8.0
2,43,0.4430193077274914,0.9716839962063573,96,8.0
2,44,0.514625948731023,0.9313424378078046,96,8.0
2,45,0.35035550808542437,0.9422591728779792,96,8.0
2,46,0.6563118399919995,0.6894582986536917,96,8.0
2,47,0.41956957444027415,0.9729414971340438,96,8.0
2,48,0.33344498304743336,0.9269526077196686,96,8.0
2,49,0.41891773864368176,0.9728922037727907,96,8.0
4,0,0.4791263947825825,0.9582158202131904,96,8.0
4,1,0.33998543218941035,0.9332364165630508,96,8.0
4,2,0.3700719857100883,0.9562328955868609,96,8.0
4,3,0.636975814937967,0.735155176338002,96,8.0
4,4,0.5788443109443837,0.8483879662555034,96,8.0
4,5,0.5208603537837124,0.9252276717029344,96,8.0
4,6,0.3723197101711863,0.9575611824734944,96,8.0
4,7,0.4904199529745458,0.9511325179656127,96,8.0
4,8,0.37116766730924644,0.9568871548555508,96,8.0
4,9,0.4181310960314293,0.9728266478218357,96,8.0
4,10,0.588932272609742,0.8313369563487771,96,8.0
4,11,0.446164717227214,0.9710667245849772,96,8.0
4,12,0.43745902391841907,0.972515591368554,96,8.0
4,13,0.410024508522107,0.9717644621966569,96,8.0
4,14,0.403609669830971,0.9704243993811204,96,8.0
4,15,0.3721030119263167,0.9574354854116546,96,8.0
4,16,0.3705535301014339,0.9565220238677227,96,8.0
4,17,0.45898281951651065,0.9674539218877833,96,8.0
4,18,0.36229920121982795,0.9512219085758474,96,8.0
4,19,0.3745208430854022,0.95880942253375,96,8.0
4,20,0.435901186017227,0.9726891158229689,96,8.0
4,21,0.3727707012305877,0.9578211676236955,96,8.0
4,22,0.5565310874712952,0.8822254770178639,96,8.0
4,23,0.3568677962583151,0.947335777463033,96,8.0
4,24,0.3431821756255772,0.9361407990147681,96,8.0
4,25,0.5310396193862783,0.9143477642878568,96,8.0
4,26,0.3609397923742058,0.950278946208596,96,8.0
4,27,0.3868640850132492,0.9648464249962754,96,8.0
4,28,0.4689355739007423,0.9634333750577719,96,8.0
4,29,0.474271589281293,0.9608403319109821,96,8.0
4,30,0.39781390025131247,0.9688341479152427,96,8.0
4,31,0.37794151196867115,0.9606461239620768,96,8.0
4,32,0.4565941226624884,0.968260777400283,96,8.0
4,33,0.43872964566257705,0.9723547865882809,96,8.0
4,34,0.3494813110262276,0.9415430714327511,96,8.0
4,35,0.4295439103935541,0.9731274003693791,96,8.0
4,36,0.5399778420846488,0.9038779747707892,96,8.0
4,37,0.36984138971818054,0.9560935607968329,96,8.0
4,38,0.39040548891494564,0.9662768345302277,96,8.0
4,39,0.36130527792295025,0.9505344155764806,96,8.0
4,40,0.39698177303957133,0.968576251422124,96,8.0
4,41,0.36518384076391164,0.9531572044286128,96,8.0
4,42,0.5167144348515629,0.9293404633288067,96,8.0
4,43,0.3792708485894901,0.9613260393313424,96,8.0
4,44,0.5351910703876492,0.9095915274582541,96,8.0
4,45,0.395371901101459,0.9680562307627396,96,8.0
4,46,0.44488054266766225,0.9713315552088211,96,8.0
4,47,0.3786993546253774,0.96103606006682,96,8.0
4,48,0.43837596122997274,0.972401286603104,96,8.0
4,49,0.4599426169792114,0.9671124860800209,96,8.0
8,0,0.4092657170130297,0.9716289654083354,96,8.0
8,1,0.44167974584085695,0.971914660727772,96,8.0
8,2,0.40483116454474755,0.9707135887922573,96,8.0
8,3,0.40642983829067064,0.971067897941117,96,8.0
8,4,0.4413602012623882,0.9719668413448221,96,8.0
8,5,0.3982490124527791,0.9689660428791453,96,8.0
8,6,0.37983302956106096,0.9616078753647663,96,8.0
8,7,0.3810014952063019,0.9621828134598805,96,8.0
8,8,0.4473585507001249,0.97080466025629,96,8.0
8,9,0.5370989999168992,0.9073436529831392,96,8.0
8,10,0.4367096736547607,0.9726023088954069,96,8.0
8,11,0.40279327443801904,0.9702221954795168,96,8.0
8,12,0.413435087049922,0.9722972300830534,96,8.0
8,13,0.38283592917879244,0.9630558974938958,96,8.0
8,14,0.4271177507479911,0.9731803874608517,96,8.0
8,15,0.38399200453577537,0.9635875822564404,96,8.0
8,16,0.5541814563246509,0.8854778839454226,96,8.0
8,17,0.381251897310752,0.9623041173782193,96,8.0
8,18,0.47005022378076866,0.9629169426076969,96,8.0
8,19,0.39227762173339425,0.9669786587899153,96,8.0
8,20,0.370614655448333,0.9565585467889576,96,8.0
8,21,0.38380581552070825,0.963502921404488,96,8.0
8,22,0.4814960568456491,0.9568429732696299,96,8.0
8,23,0.39781887010610834,0.9688356658844304,96,8.0
8,24,0.3806345082401732,0.9620038165489052,96,8.0
8,25,0.41478957833315727,0.9724742040121168,96,8.0
8,26,0.3703214438440573,0.9563829854011424,96,8.0
8,27,0.36542062882767246,0.9533121012085584,96,8.0
8,28,0.40322560763651616,0.9703301657104998,96,8.0
8,29,0.44029235177225223,0.9721332728992126,96,8.0
8,30,0.45544790388233536,0.9686262196707361,96,8.0
8,31,0.4075101569787797,0.9712918053189693,96,8.0
8,32,0.5138256609016332,0.9320971776124335,96,8.0
8,33,0.3963701464876079,0.9683819580499506,96,8.0
8,34,0.483451487838792,0.9556647541639538,96,8.0
8,35,0.4081413006864452,0.971416823875066,96,8.0
8,36,0.5352838095813345,0.9094831672190161,96,8.0
8,37,0.4374336589345624,0.9725186251749897,96,8.0
8,38,0.40528638069603107,0.9708172683057309,96,8.0
8,39,0.4563978146947866,0.968324365124779,96,8.0
8,40,0.3879773369434453,0.9653105748838234,96,8.0
8,41,0.4518255468045565,0.9696884834530973,96,8.0
8,42,0.4093420399297733,0.9716428736585945,96,8.0
8,43,0.3885553547729751,0.9655463263519787,96,8.0
8,44,0.5035981379474469,0.941137769958117,96,8.0
8,45,0.42460848029602144,0.9731687771385277,96,8.0
8,46,0.36973667762253326,0.956030101515575,96,8.0
8,47,0.4116966003770399,0.9720412490318442,96,8.0
8,48,0.35705472489569506,0.9474747807696873,96,8.0
8,49,0.40001356525594367,0.9694801147087043,96,8.0
16,0,0.4240912396443075,0.9731579890380061,96,8.0
16,1,0.43013788798529196,0.9731048079714711,96,8.0
16,2,0.48528313010500085,0.9545239241123806,96,8.0
16,3,0.36943574231382725,0.9558470693021176,96,8.0
16,4,0.38729335929215275,0.9650269775428049,96,8.0
16,5,0.4136541557740335,0.9723271868477296,96,8.0
16,6,0.40611231444776075,0.9709997076012938,96,8.0
16,7,0.3953753815533413,0.9680573850002119,96,8.0
16,8,0.49135550200726336,0.9504843896123205,96,8.0
16,9,0.4029081274384165,0.9702510742324301,96,8.0
16,10,0.38018114384573315,0.9617806948200378,96,8.0
16,11,0.3965335643689483,0.9684342632520414,96,8.0
16,12,0.44605290665009734,0.9710904858191498,96,8.0
16,13,0.41784425640050776,0.9728010923985637,96,8.0
16,14,0.3821061897133518,0.9627129069131388,96,8.0
16,15,0.4199304098166845,0.972966824811924,96,8.0
16,16,0.381975316692871,0.9626507902584402,96,8.0
16,17,0.40111622774837946,0.969784401958446,96,8.0
16,18,0.4461905699339237,0.9710612114556634,96,8.0
16,19,0.4308940784323666,0.9730705705238833,96,8.0
16,20,0.4385118730625024,0.9723835765655211,96,8.0
16,21,0.4286702444888067,0.973153754806359,96,8.0
16,22,0.41360985224644486,0.9723211700402726,96,8.0
16,23,0.41262405108788514,0.9721818439677916,96,8.0
16,24,0.435860841334019,0.9726932639642812,96,8.0
16,25,0.3976391507181144,0.9687806048176908,96,8.0
16,26,0.3598570456562995,0.9495137121872469,96,8.0
16,27,0.43826355843052067,0.9724157836104367,96,8.0
16,28,0.42785088673913135,0.9731710320243087,96,8.0
16,29,0.4259698137051085,0.97318345630181,96,8.0
16,30,0.400223810661654,0.9695391395366743,96,8.0
16,31,0.3954259496210155,0.9680741404527945,96,8.0
16,32,0.3969425217562567,0.9685639030768058,96,8.0
16,33,0.3798860063310829,0.9616342592429379,96,8.0
16,34,0.4131426511142021,0.9722564384936003,96,8.0
16,35,0.4630281292792307,0.9659479185737938,96,8.0
16,36,0.3906682500753818,0.9663776060589283,96,8.0
16,37,0.3921790664488304,0.966942649794626,96,8.0
16,38,0.4565827079821475,0.9682644861408619,96,8.0
16,39,0.37562964671056137,0.9594185325607724,96,8.0
16,40,0.40334543758253244,0.9703597370358186,96,8.0
16,41,0.4102000527541062,0.9717949294252517,96,8.0
16,42,0.37063306481320546,0.9565695386911546,96,8.0
16,43,0.3940174953423793,0.9675972006965005,96,8.0
16,44,0.41597466921479653,0.9726129050170033,96,8.0
16,45,0.38990330513474286,0.9660821820206128,96,8.0
16,46,0.40365370804267914,0.9704351035158842,96,8.0
16,47,0.4055891861899476,0.9708850040403576,96,8.0
16,48,0.42564854795187945,0.9731817839739261,96,8.0
16,49,0.3793883043386484,0.9613852030919577,96,8.0
32,0,0.4264159500076534,0.9731839426542215,96,8.0
32,1,0.40648325482065895,0.9710792632363264,96,8.0
32,2,0.41010930568202386,0.9717792207473702,96,8.0
32,3,0.4249410931693346,0.9731741985871997,96,8.0
32,4,0.4128834235353613,0.9722195122137971,96,8.0
32,5,0.3919617668558578,0.9668628873062485,96,8.0
32,6,0.4075484516448075,0.971299512571634,96,8.0
32,7,0.4074700327626151,0.971283712974299,96,8.0
32,8,0.3947399194685955,0.9678444902979131,96,8.0
32,9,0.3954860840253263,0.9680940299595286,96,8.0
32,10,0.3984263259527601,0.9690192093418565,96,8.0
32,11,0.4177809443951105,0.9727953328546107,96,8.0
32,12,0.3968559898101948,0.9685366219973018,96,8.0
32,13,0.38914293598679267,0.9657823055820406,96,8.0
32,14,0.39787350856942444,0.9688523369353536,96,8.0
32,15,0.41189167790504466,0.9720715875547968,96,8.0
32,16,0.4144862587406472,0.9724362829733835,96,8.0
32,17,0.3887282537383229,0.9656161490132322,96,8.0
32,18,0.4087859046667451,0.9715400987084648,96,8.0
32,19,0.408545566953887,0.9714946572730532,96,8.0
32,20,0.4287768671614867,0.9731509770744364,96,8.0
32,21,0.4246866492926961,0.9731701579206397,96,8.0
32,22,0.42918343106133316,0.9731392664036786,96,8.0
32,23,0.4178065544110574,0.9727976677961967,96,8.0
32,24,0.40002552827666765,0.969483485957912,96,8.0
32,25,0.41395960277364463,0.9723680963372827,96,8.0
32,26,0.3967548958101084,0.9685046481957414,96,8.0
32,27,0.4052530921938781,0.9708097618742245,96,8.0
32,28,0.40096674081722544,0.9697439141245784,96,8.0
32,29,0.4373697171542386,0.9725262423781245,96,8.0
32,30,0.40863563203384506,0.9715117587510378,96,8.0
32,31,0.4113259360931736,0.9719824786528392,96,8.0
32,32,0.41600548955186606,0.9726163112130431,96,8.0
32,33,0.40480503370014853,0.9707075698096264,96,8.0
32,34,0.40648010624443753,0.971078594170765,96,8.0
32,35,0.40044088438178016,0.9695995839269155,96,8.0
32,36,0.4041937564437605,0.9705646786583472,96,8.0
32,37,0.42213236514214664,0.9730911218627645,96,8.0
32,38,0.3892040659276749,0.9658066433958383,96,8.0
32,39,0.4058564532784278,0.9709439729925698,96,8.0
32,40,0.41664331056881926,0.9726845147739301,96,8.0
32,41,0.3947586439813841,0.9678508253770735,96,8.0
32,42,0.40694889321130623,0.9711770397937103,96,8.0
32,43,0.44920273390595894,0.9703697894438295,96,8.0
32,44,0.3941471231202077,0.9676419850505549,96,8.0
32,45,0.3923530440585829,0.967006145363512,96,8.0
32,46,0.4201726045293325,0.9729830416747319,96,8.0
32,47,0.4251151538414548,0.9731765627617504,96,8.0
32,48,0.38441672556358153,0.963779313098689,96,8.0
32,49,0.43984845778862347,0.9721988581623476,96,8.0
64,0,0.4137118732190364,0.9723349938055287,96,8.0
64,1,0.40038428555368566,0.969583872634819,96,8.0
64,2,0.4371153934870356,0.9725561051719163,96,8.0
64,3,0.4128069259009926,0.9722084776050501,96,8.0
64,4,0.41921616471519924,0.972915337035118,96,8.0
64,5,0.42277365094517705,0.9731175436363767,96,8.0
64,6,0.4075455347329477,0.9712989260621497,96,8.0
64,7,0.40410859607878746,0.9705444536621012,96,8.0
64,8,0.4076398266637193,0.9713178393311551,96,8.0
64,9,0.4158295017998465,0.9725967244300336,96,8.0
64,10,0.40983529555777465,0.9717312525293013,96,8.0
64,11,0.4123980357289516,0.9721484318108338,96,8.0
64,12,0.406152055055581,0.9710083013584939,96,8.0
64,13,0.40809154766322775,0.9714071237883437,96,8.0
64,14,0.4133026479390204,0.9722788699201943,96,8.0
64,15,0.4172169881066768,0.972742132258606,96,8.0
64,16,0.41926612425631166,0.9729191164395522,96,8.0
64,17,0.3995791976124072,0.969356667705073,96,8.0
64,18,0.4042958551753211,0.9705888238715898,96,8.0
64,19,0.3992846604388167,0.9692718091304358,96,8.0
64,20,0.4117551131189776,0.9720503918047849,96,8.0
64,21,0.41148213468068756,0.9720074242388744,96,8.0
64,22,0.4018736068327466,0.9699858512551175,96,8.0
64,23,0.4299490523138544,0.973112400751699,96,8.0
64,24,0.410561795684653,0.9718566707783679,96,8.0
64,25,0.4238964020420043,0.973153181296588,96,8.0
64,26,0.41718286982308717,0.9727388042977522,96,8.0
64,27,0.3995453321677183,0.9693469581328058,96,8.0
64,28,0.4017136172162119,0.9699438094163844,96,8.0
64,29,0.394972451220241,0.967922896334993,96,8.0
64,30,0.4216897077749114,0.9730703107565041,96,8.0
64,31,0.41209502420106614,0.9721027775699186,96,8.0
64,32,0.40932203286350444,0.9716392338326845,96,8.0
64,33,0.41191365094550647,0.9720749792336897,96,8.0
64,34,0.40699314897287225,0.9711862117786345,96,8.0
64,35,0.4059086920662712,0.9709554092855088,96,8.0
64,36,0.403943678404321,0.9705050656907837,96,8.0
64,37,0.41543351192710126,0.972551437607335,96,8.0
64,38,0.4009482581351012,0.969738891528418,96,8.0
64,39,0.4105461504709076,0.9718540295309301,96,8.0
64,40,0.4076395889069065,0.9713177917613248,96,8.0
64,41,0.40281837070285337,0.9702285177889988,96,8.0
64,42,0.4167698625322625,0.9726975285025916,96,8.0
64,43,0.39537931034935336,0.9680586877679048,96,8.0
64,44,0.41946971815809436,0.9729342413469793,96,8.0
64,45,0.40686980600660677,0.9711605966976129,96,8.0
64,46,0.4026482187899482,0.9701855203651701,96,8.0
64,47,0.41092497271670675,0.9719172450582818,96,8.0
64,48,0.40281726312156374,0.9702282389070228,96,8.0
64,49,0.4055813655064094,0.9708832669728338,96,8.0
96,0,0.4111213973730406,0.9719494172596439,96,8.0
