program,condition,n_examples,r2,mse,mae,n_labels_touched,label_indices,scale,group,labels,delta_mse_vs_base,delta_r2_vs_base,reconstruction_status,reconstruction_method,n_reconstruction_features,source_labels,reconstruction_write
first_order_is_A,baseline_readout,304,1.0,8.211691075435984e-23,8.60042410096091e-12,,,,,,,,,,,,
first_order_is_A,scale_group:all_nonpad,304,-0.05588733804415891,0.22553687730470584,0.38550786903243894,11.0,0;1;2;3;4;5;6;7;8;9;10,0.0,all_nonpad,indices:0;indices:1;indices:2;indices:3;indices:4;indices:5;is_A_1;tokens:A;tokens:B;tokens:BOS;tokens:C,0.22553687730470584,-1.055887338044159,,,,,
first_order_is_A,scale_group:all_nonpad,304,0.7360281654793489,0.056384219328229436,0.1927539345205197,11.0,0;1;2;3;4;5;6;7;8;9;10,0.5,all_nonpad,indices:0;indices:1;indices:2;indices:3;indices:4;indices:5;is_A_1;tokens:A;tokens:B;tokens:BOS;tokens:C,0.056384219328229436,-0.2639718345206511,,,,,
first_order_is_A,scale_group:all_nonpad,304,0.7360281655177946,0.056384219320017456,0.19275393450331882,11.0,0;1;2;3;4;5;6;7;8;9;10,1.5,all_nonpad,indices:0;indices:1;indices:2;indices:3;indices:4;indices:5;is_A_1;tokens:A;tokens:B;tokens:BOS;tokens:C,0.056384219320017456,-0.2639718344822054,,,,,
first_order_is_A,scale_group:tokens_nonbos,304,0.6390545855718657,0.07709771555587096,0.26181555202465173,3.0,7;8;10,0.0,tokens_nonbos,tokens:A;tokens:B;tokens:C,0.07709771555587096,-0.3609454144281343,,,,,
first_order_is_A,scale_group:tokens_nonbos,304,0.9097636463870786,0.019274428890225376,0.1309077760166261,3.0,7;8;10,0.5,tokens_nonbos,tokens:A;tokens:B;tokens:C,0.019274428890225376,-0.09023635361292137,,,,,
first_order_is_A,scale_group:tokens_nonbos,304,0.9097636464106299,0.019274428885194823,0.13090777599942519,3.0,7;8;10,1.5,tokens_nonbos,tokens:A;tokens:B;tokens:C,0.019274428885194823,-0.0902363535893701,,,,,
first_order_is_A,scale_group:indices,304,0.9999999999931143,1.4707919594731704e-12,1.2127621198700235e-06,6.0,0;1;2;3;4;5,0.0,indices,indices:0;indices:1;indices:2;indices:3;indices:4;indices:5,1.4707919593910535e-12,-6.885714221027683e-12,,,,,
first_order_is_A,scale_group:indices,304,0.9999999999982786,3.676983824879265e-13,6.063813836244606e-07,6.0,0;1;2;3;4;5,0.5,indices,indices:0;indices:1;indices:2;indices:3;indices:4;indices:5,3.676983824058096e-13,-1.7214007996813052e-12,,,,,
first_order_is_A,scale_group:indices,304,0.9999999999982786,3.676968123206274e-13,6.063800889201679e-07,6.0,0;1;2;3;4;5,1.5,indices,indices:0;indices:1;indices:2;indices:3;indices:4;indices:5,3.6769681223851047e-13,-1.7214007996813052e-12,,,,,
first_order_is_A,scale_group:explicit_detector,304,0.7683523232434777,0.04947979937644726,0.12369185425214874,1.0,6,0.0,explicit_detector,is_A_1,0.04947979937644726,-0.2316476767565223,,,,,
first_order_is_A,scale_group:explicit_detector,304,0.9420880808071458,0.01236994984490718,0.0618459271303746,1.0,6,0.5,explicit_detector,is_A_1,0.01236994984490718,-0.05791191919285421,,,,,
first_order_is_A,scale_group:explicit_detector,304,0.9420880808220402,0.012369949841725748,0.06184592712242151,1.0,6,1.5,explicit_detector,is_A_1,0.012369949841725748,-0.05791191917795979,,,,,
first_order_is_A,scale_group:true_detector,304,0.7683523232434777,0.04947979937644726,0.12369185425214874,1.0,6,0.0,true_detector,is_A_1,0.04947979937644726,-0.2316476767565223,,,,,
first_order_is_A,scale_group:true_detector,304,0.9420880808071458,0.01236994984490718,0.0618459271303746,1.0,6,0.5,true_detector,is_A_1,0.01236994984490718,-0.05791191919285421,,,,,
first_order_is_A,scale_group:true_detector,304,0.9420880808220402,0.012369949841725748,0.06184592712242151,1.0,6,1.5,true_detector,is_A_1,0.012369949841725748,-0.05791191917795979,,,,,
first_order_is_A,scale_group:reconstruct_from,304,0.7683521891736432,0.04947982801368034,0.1236918900464728,1.0,7,0.0,reconstruct_from,tokens:A,0.04947982801368034,-0.23164781082635677,,,,,
first_order_is_A,scale_group:reconstruct_from,304,0.9420880472896872,0.012369957004215445,0.06184594502753662,1.0,7,0.5,reconstruct_from,tokens:A,0.012369957004215445,-0.0579119527103128,,,,,
first_order_is_A,scale_group:reconstruct_from,304,0.9420880473045816,0.012369957001033993,0.06184594501958347,1.0,7,1.5,reconstruct_from,tokens:A,0.012369957001033993,-0.05791195269541838,,,,,
first_order_is_A,scale_group:token_A,304,0.7683521891736432,0.04947982801368034,0.1236918900464728,1.0,7,0.0,token_A,tokens:A,0.04947982801368034,-0.23164781082635677,,,,,
first_order_is_A,scale_group:token_A,304,0.9420880472896872,0.012369957004215445,0.06184594502753662,1.0,7,0.5,token_A,tokens:A,0.012369957004215445,-0.0579119527103128,,,,,
first_order_is_A,scale_group:token_A,304,0.9420880473045816,0.012369957001033993,0.06184594501958347,1.0,7,1.5,token_A,tokens:A,0.012369957001033993,-0.05791195269541838,,,,,
first_order_is_A,ablate_explicit_detector_group,304,0.7683523232434777,0.04947979937644726,0.12369185425214874,1.0,6,0.0,explicit_detector,is_A_1,0.04947979937644726,-0.2316476767565223,,,,,
first_order_is_A,ablate_explicit_group_then_reconstruct_first_order,304,1.0,3.27933629504833e-22,1.7183243862882665e-11,1.0,6,,explicit_detector,,2.4581671875047313e-22,0.0,ok,first_order,1.0,tokens:A,
first_order_is_A,ablate_explicit_group_then_reconstruct_lifted,304,1.0,3.27933629504833e-22,1.7183243862882665e-11,1.0,6,,explicit_detector,,2.4581671875047313e-22,0.0,ok,lifted,1.0,tokens:A,
first_order_is_A,ablate_explicit_group_then_reconstruct_semantic_lifted,304,1.0,8.211691075435984e-23,8.60042410096091e-12,1.0,6,,explicit_detector,,0.0,0.0,ok,,,,is_A_1 <- tokens:A
paircat_AB_to_numeric,baseline_readout,304,0.9999999999999992,7.250625054226504e-17,4.493402849091224e-09,,,,,,,,,,,,
paircat_AB_to_numeric,scale_group:all_nonpad,304,-0.019513715854620806,0.09602068237965956,0.2222105719194081,17.0,0;1;2;3;4;5;6;7;8;9;10;11;12;13;14;15;16,0.0,all_nonpad,detect_AB_num_2;indices:0;indices:1;indices:2;indices:3;indices:4;indices:5;one;paircat_AB_3:AB;paircat_AB_3:OTHER;prev_token_4:A;prev_token_4:B;prev_token_4:C;tokens:A;tokens:B;tokens:BOS;tokens:C,0.0960206823796595,-1.01951371585462,,,,,
paircat_AB_to_numeric,scale_group:all_nonpad,304,0.7451215714868474,0.024005170552485283,0.11110528566601849,17.0,0;1;2;3;4;5;6;7;8;9;10;11;12;13;14;15;16,0.5,all_nonpad,detect_AB_num_2;indices:0;indices:1;indices:2;indices:3;indices:4;indices:5;one;paircat_AB_3:AB;paircat_AB_3:OTHER;prev_token_4:A;prev_token_4:B;prev_token_4:C;tokens:A;tokens:B;tokens:BOS;tokens:C,0.02400517055248521,-0.2548784285131518,,,,,
paircat_AB_to_numeric,scale_group:all_nonpad,304,0.7451215696848343,0.02400517072220396,0.11110528684076078,17.0,0;1;2;3;4;5;6;7;8;9;10;11;12;13;14;15;16,1.5,all_nonpad,detect_AB_num_2;indices:0;indices:1;indices:2;indices:3;indices:4;indices:5;one;paircat_AB_3:AB;paircat_AB_3:OTHER;prev_token_4:A;prev_token_4:B;prev_token_4:C;tokens:A;tokens:B;tokens:BOS;tokens:C,0.024005170722203886,-0.2548784303151649,,,,,
paircat_AB_to_numeric,scale_group:tokens_nonbos,304,0.9999999985408171,1.3742996840375057e-10,1.1723049373623004e-05,3.0,13;14;16,0.0,tokens_nonbos,tokens:A;tokens:B;tokens:C,1.3742989589750002e-10,-1.4591821084763978e-09,,,,,
paircat_AB_to_numeric,scale_group:tokens_nonbos,304,0.9999999996351667,3.436102484743314e-11,5.861821427551532e-06,3.0,13;14;16,0.5,tokens_nonbos,tokens:A;tokens:B;tokens:C,3.43609523411826e-11,-3.648324975458195e-10,,,,,
paircat_AB_to_numeric,scale_group:tokens_nonbos,304,0.9999999996353145,3.4347111380431746e-11,5.86063446461095e-06,3.0,13;14;16,1.5,tokens_nonbos,tokens:A;tokens:B;tokens:C,3.43470388741812e-11,-3.6468472686124187e-10,,,,,
paircat_AB_to_numeric,scale_group:indices,304,0.9387241729589967,0.005771130524637428,0.06079476930885658,6.0,1;2;3;4;5;6,0.0,indices,indices:0;indices:1;indices:2;indices:3;indices:4;indices:5,0.0057711305246373554,-0.06127582704100254,,,,,
paircat_AB_to_numeric,scale_group:indices,304,0.9846810436360209,0.0014427825938373683,0.03039738442938556,6.0,1;2;3;4;5;6,0.5,indices,indices:0;indices:1;indices:2;indices:3;indices:4;indices:5,0.0014427825938372958,-0.015318956363978287,,,,,
paircat_AB_to_numeric,scale_group:indices,304,0.9846810420509318,0.0014427827431255412,0.030397385329556482,6.0,1;2;3;4;5;6,1.5,indices,indices:0;indices:1;indices:2;indices:3;indices:4;indices:5,0.0014427827431254688,-0.015318957949067458,,,,,
paircat_AB_to_numeric,scale_group:prev_or_shift,304,0.9796535690506318,0.0019162843553421503,0.038814337259896976,3.0,10;11;12,0.0,prev_or_shift,prev_token_4:A;prev_token_4:B;prev_token_4:C,0.001916284355342078,-0.02034643094936739,,,,,
paircat_AB_to_numeric,scale_group:prev_or_shift,304,0.9949133922438653,0.0004790710906054781,0.019407170011583104,3.0,10;11;12,0.5,prev_or_shift,prev_token_4:A;prev_token_4:B;prev_token_4:C,0.0004790710906054056,-0.0050866077561338985,,,,,
paircat_AB_to_numeric,scale_group:prev_or_shift,304,0.9949133923190334,0.00047907108352593445,0.01940716944893845,3.0,10;11;12,1.5,prev_or_shift,prev_token_4:A;prev_token_4:B;prev_token_4:C,0.0004790710835258619,-0.0050866076809658045,,,,,
paircat_AB_to_numeric,scale_group:explicit_detector,304,-0.05258847736952177,0.09913575687136769,0.24028605223978236,3.0,0;8;9,0.0,explicit_detector,detect_AB_num_2;paircat_AB_3:AB;paircat_AB_3:OTHER,0.09913575687136762,-1.0525884773695209,,,,,
paircat_AB_to_numeric,scale_group:explicit_detector,304,0.7368528807306789,0.024783939210960986,0.12014302602875274,3.0,0;8;9,0.5,explicit_detector,detect_AB_num_2;paircat_AB_3:AB;paircat_AB_3:OTHER,0.024783939210960913,-0.26314711926932033,,,,,
paircat_AB_to_numeric,scale_group:explicit_detector,304,0.7368528804384393,0.024783939238484938,0.12014303000346259,3.0,0;8;9,1.5,explicit_detector,detect_AB_num_2;paircat_AB_3:AB;paircat_AB_3:OTHER,0.024783939238484865,-0.2631471195615599,,,,,
paircat_AB_to_numeric,scale_group:true_detector,304,0.3451621920778444,0.061674474984358144,0.08057326209854727,2.0,0;8,0.0,true_detector,detect_AB_num_2;paircat_AB_3:AB,0.061674474984358074,-0.6548378079221548,,,,,
paircat_AB_to_numeric,scale_group:true_detector,304,0.8362905480070458,0.015418618747258844,0.04028663317843229,2.0,0;8,0.5,true_detector,detect_AB_num_2;paircat_AB_3:AB,0.01541861874725877,-0.1637094519929534,,,,,
paircat_AB_to_numeric,scale_group:true_detector,304,0.8362905480567048,0.01541861874258182,0.04028663437295708,2.0,0;8,1.5,true_detector,detect_AB_num_2;paircat_AB_3:AB,0.015418618742581746,-0.16370945194329445,,,,,
paircat_AB_to_numeric,scale_group:false_detector,304,0.6022493305526329,0.037461281887009645,0.1597127948661204,1.0,9,0.0,false_detector,paircat_AB_3:OTHER,0.037461281887009576,-0.39775066944736637,,,,,
paircat_AB_to_numeric,scale_group:false_detector,304,0.9005623327236323,0.00936532046370222,0.07985639734372331,1.0,9,0.5,false_detector,paircat_AB_3:OTHER,0.009365320463702148,-0.09943766727636694,,,,,
paircat_AB_to_numeric,scale_group:false_detector,304,0.9005623323817337,0.0093653204959032,0.07985640012390834,1.0,9,1.5,false_detector,paircat_AB_3:OTHER,0.009365320495903127,-0.09943766761826556,,,,,
paircat_AB_to_numeric,scale_group:reconstruct_from,304,0.9796439055978433,0.0019171944866297112,0.03882605781913169,6.0,10;11;12;13;14;16,0.0,reconstruct_from,prev_token_4:A;prev_token_4:B;prev_token_4:C;tokens:A;tokens:B;tokens:C,0.0019171944866296388,-0.02035609440215591,,,,,
paircat_AB_to_numeric,scale_group:reconstruct_from,304,0.9949109763806313,0.00047929862343084706,0.0194130292063066,6.0,10;11;12;13;14;16,0.5,reconstruct_from,prev_token_4:A;prev_token_4:B;prev_token_4:C;tokens:A;tokens:B;tokens:C,0.0004792986234307745,-0.005089023619367916,,,,,
paircat_AB_to_numeric,scale_group:reconstruct_from,304,0.9949109764559472,0.00047929861633738935,0.019413028019343637,6.0,10;11;12;13;14;16,1.5,reconstruct_from,prev_token_4:A;prev_token_4:B;prev_token_4:C;tokens:A;tokens:B;tokens:C,0.0004792986163373168,-0.0050890235440520515,,,,,
paircat_AB_to_numeric,scale_group:prev_A,304,0.9932746111158773,0.0006334161275905043,0.012829846694974514,1.0,10,0.0,prev_A,prev_token_4:A,0.0006334161275904317,-0.006725388884121886,,,,,
paircat_AB_to_numeric,scale_group:prev_A,304,0.9983186527801253,0.00015835403178875274,0.006414925557528738,1.0,10,0.5,prev_A,prev_token_4:A,0.00015835403178868023,-0.0016813472198738966,,,,,
paircat_AB_to_numeric,scale_group:prev_A,304,0.998318652775499,0.00015835403222446375,0.006414925511727999,1.0,10,1.5,prev_A,prev_token_4:A,0.00015835403222439124,-0.001681347224500196,,,,,
paircat_AB_to_numeric,scale_group:token_B,304,0.9999999994771772,4.924092890179187e-11,4.203899746932981e-06,1.0,14,0.0,token_B,tokens:B,4.924085639554133e-11,-5.228220079089851e-10,,,,,
paircat_AB_to_numeric,scale_group:token_B,304,0.9999999998692777,1.2311797103850804e-11,2.1031098794863674e-06,1.0,14,0.5,token_B,tokens:B,1.2311724597600263e-11,-1.3072154469995212e-10,,,,,
paircat_AB_to_numeric,scale_group:token_B,304,0.9999999998693418,1.2305755109077712e-11,2.1025942702958815e-06,1.0,14,1.5,token_B,tokens:B,1.230568260282717e-11,-1.3065737380912879e-10,,,,,
paircat_AB_to_numeric,ablate_explicit_detector_group,304,-0.05258847736952177,0.09913575687136769,0.24028605223978236,3.0,0;8;9,0.0,explicit_detector,detect_AB_num_2;paircat_AB_3:AB;paircat_AB_3:OTHER,0.09913575687136762,-1.0525884773695209,,,,,
paircat_AB_to_numeric,ablate_explicit_group_then_reconstruct_first_order,304,0.5495801876234687,0.04242181058393923,0.13382848491900254,3.0,0;8;9,,explicit_detector,,0.04242181058393916,-0.4504198123765305,ok,first_order,6.0,prev_token_4:A;prev_token_4:B;prev_token_4:C;tokens:A;tokens:B;tokens:C,
paircat_AB_to_numeric,ablate_explicit_group_then_reconstruct_lifted,304,0.9999999999999997,3.590814284245301e-17,3.551886083954777e-09,3.0,0;8;9,,explicit_detector,,-3.659810769981203e-17,4.440892098500626e-16,ok,lifted,21.0,prev_token_4:A;prev_token_4:B;prev_token_4:C;tokens:A;tokens:B;tokens:C,
paircat_AB_to_numeric,ablate_explicit_group_then_reconstruct_semantic_lifted,304,0.8751024706541561,0.011763202209857868,0.05015135619681042,3.0,0;8;9,,explicit_detector,,0.011763202209857795,-0.12489752934584308,ok,,,,explicit paircat/detect group <- prev_token_4:A * tokens:B
detect_pattern_AB_raw,baseline_readout,304,0.9999999999999996,4.3235874213458874e-17,4.035747625249176e-09,,,,,,,,,,,,
detect_pattern_AB_raw,scale_group:all_nonpad,304,-0.1453291863097126,0.10787033887681502,0.2807290563395944,19.0,0;1;2;3;4;5;6;7;8;9;10;11;12;13;14;15;16;17;18,0.0,all_nonpad,detect_pattern_AB_raw_6:False;detect_pattern_AB_raw_6:True;indices:0;indices:1;indices:2;indices:3;indices:4;indices:5;map_10:False;map_10:True;map_8:False;map_8:True;one;shift_by(1)_7:False;shift_by(1)_7:True;tokens:A;tokens:B;tokens:BOS;tokens:C,0.10787033887681498,-1.1453291863097121,,,,,
detect_pattern_AB_raw,scale_group:all_nonpad,304,0.713667703789062,0.026967584684686675,0.1403645280071228,19.0,0;1;2;3;4;5;6;7;8;9;10;11;12;13;14;15;16;17;18,0.5,all_nonpad,detect_pattern_AB_raw_6:False;detect_pattern_AB_raw_6:True;indices:0;indices:1;indices:2;indices:3;indices:4;indices:5;map_10:False;map_10:True;map_8:False;map_8:True;one;shift_by(1)_7:False;shift_by(1)_7:True;tokens:A;tokens:B;tokens:BOS;tokens:C,0.026967584684686633,-0.2863322962109376,,,,,
detect_pattern_AB_raw,scale_group:all_nonpad,304,0.7136677023231,0.02696758482275512,0.14036452865782034,19.0,0;1;2;3;4;5;6;7;8;9;10;11;12;13;14;15;16;17;18,1.5,all_nonpad,detect_pattern_AB_raw_6:False;detect_pattern_AB_raw_6:True;indices:0;indices:1;indices:2;indices:3;indices:4;indices:5;map_10:False;map_10:True;map_8:False;map_8:True;one;shift_by(1)_7:False;shift_by(1)_7:True;tokens:A;tokens:B;tokens:BOS;tokens:C,0.02696758482275508,-0.2863322976768996,,,,,
detect_pattern_AB_raw,scale_group:tokens_nonbos,304,0.9999999996862443,2.955039746394392e-11,4.66953337683685e-06,3.0,15;16;18,0.0,tokens_nonbos,tokens:A;tokens:B;tokens:C,2.9550354228069704e-11,-3.1375524400800714e-10,,,,,
detect_pattern_AB_raw,scale_group:tokens_nonbos,304,0.9999999999215701,7.386753758927956e-12,2.33459811505633e-06,3.0,15;16;18,0.5,tokens_nonbos,tokens:A;tokens:B;tokens:C,7.386710523053743e-12,-7.842948512859493e-11,,,,,
detect_pattern_AB_raw,scale_group:tokens_nonbos,304,0.9999999999215328,7.390265894767406e-12,2.3352724085110097e-06,3.0,15;16;18,1.5,tokens_nonbos,tokens:A;tokens:B;tokens:C,7.390222658893192e-12,-7.846678862222234e-11,,,,,
detect_pattern_AB_raw,scale_group:indices,304,0.8620900232997571,0.012988751268166912,0.09120187508501221,6.0,2;3;4;5;6;7,0.0,indices,indices:0;indices:1;indices:2;indices:3;indices:4;indices:5,0.012988751268166869,-0.1379099767002424,,,,,
detect_pattern_AB_raw,scale_group:indices,304,0.9655225060928214,0.0032471877918118287,0.04560093746202217,6.0,2;3;4;5;6;7,0.5,indices,indices:0;indices:1;indices:2;indices:3;indices:4;indices:5,0.0032471877918117853,-0.034477493907178136,,,,,
detect_pattern_AB_raw,scale_group:indices,304,0.9655225050212913,0.003247187892731559,0.04560093778395789,6.0,2;3;4;5;6;7,1.5,indices,indices:0;indices:1;indices:2;indices:3;indices:4;indices:5,0.003247187892731516,-0.03447749497870822,,,,,
detect_pattern_AB_raw,scale_group:prev_or_shift,304,0.8969317375111634,0.009707260179003996,0.08735957490409146,2.0,13;14,0.0,prev_or_shift,shift_by(1)_7:False;shift_by(1)_7:True,0.009707260179003953,-0.10306826248883616,,,,,
detect_pattern_AB_raw,scale_group:prev_or_shift,304,0.9742329343258258,0.002426815049645215,0.043679788430050374,2.0,13;14,0.5,prev_or_shift,shift_by(1)_7:False;shift_by(1)_7:True,0.002426815049645172,-0.02576706567417375,,,,,
detect_pattern_AB_raw,scale_group:prev_or_shift,304,0.9742329345336846,0.002426815030068484,0.043679787062821586,2.0,13;14,1.5,prev_or_shift,shift_by(1)_7:False;shift_by(1)_7:True,0.0024268150300684405,-0.02576706546631491,,,,,
detect_pattern_AB_raw,scale_group:explicit_detector,304,-0.5109583414815664,0.14230632579050762,0.32915428463917185,6.0,0;1;8;9;10;11,0.0,explicit_detector,detect_pattern_AB_raw_6:False;detect_pattern_AB_raw_6:True;map_10:False;map_10:True;map_8:False;map_8:True,0.14230632579050756,-1.510958341481566,,,,,
detect_pattern_AB_raw,scale_group:explicit_detector,304,0.6222604147801714,0.03557658143344646,0.16457714240596885,6.0,0;1;8;9;10;11,0.5,explicit_detector,detect_pattern_AB_raw_6:False;detect_pattern_AB_raw_6:True;map_10:False;map_10:True;map_8:False;map_8:True,0.03557658143344642,-0.3777395852198282,,,,,
detect_pattern_AB_raw,scale_group:explicit_detector,304,0.6222604141779182,0.03557658149016837,0.16457714206043716,6.0,0;1;8;9;10;11,1.5,explicit_detector,detect_pattern_AB_raw_6:False;detect_pattern_AB_raw_6:True;map_10:False;map_10:True;map_8:False;map_8:True,0.035576581490168326,-0.37773958582208134,,,,,
detect_pattern_AB_raw,scale_group:true_detector,304,0.5826706455864081,0.03930525775640477,0.06432411523190201,3.0,1;9;11,0.0,true_detector,detect_pattern_AB_raw_6:True;map_10:True;map_8:True,0.03930525775640473,-0.4173293544135914,,,,,
detect_pattern_AB_raw,scale_group:true_detector,304,0.8956676613774677,0.009826314440903325,0.032162058065635664,3.0,1;9;11,0.5,true_detector,detect_pattern_AB_raw_6:True;map_10:True;map_8:True,0.009826314440903282,-0.10433233862253188,,,,,
detect_pattern_AB_raw,scale_group:true_detector,304,0.8956676614540038,0.00982631443369493,0.032162058409379544,3.0,1;9;11,1.5,true_detector,detect_pattern_AB_raw_6:True;map_10:True;map_8:True,0.009826314433694886,-0.10433233854599577,,,,,
detect_pattern_AB_raw,scale_group:false_detector,304,-0.09361567964272788,0.1029998147031932,0.26483085422497166,3.0,0;8;10,0.0,false_detector,detect_pattern_AB_raw_6:False;map_10:False;map_8:False,0.10299981470319315,-1.0936156796427274,,,,,
detect_pattern_AB_raw,scale_group:false_detector,304,0.726596080259015,0.025749953659815753,0.13241542719886876,3.0,0;8;10,0.5,false_detector,detect_pattern_AB_raw_6:False;map_10:False;map_8:False,0.02574995365981571,-0.27340391974098455,,,,,
detect_pattern_AB_raw,scale_group:false_detector,304,0.7265960795802258,0.02574995372374605,0.13241542685333707,3.0,0;8;10,1.5,false_detector,detect_pattern_AB_raw_6:False;map_10:False;map_8:False,0.02574995372374601,-0.2734039204197738,,,,,
detect_pattern_AB_raw,scale_group:reconstruct_from,304,0.8969401996859124,0.009706463187476389,0.08735706560815834,5.0,13;14;15;16;18,0.0,reconstruct_from,shift_by(1)_7:False;shift_by(1)_7:True;tokens:A;tokens:B;tokens:C,0.009706463187476345,-0.10305980031408712,,,,,
detect_pattern_AB_raw,scale_group:reconstruct_from,304,0.9742350498695224,0.002426615801762434,0.04367853272359525,5.0,13;14;15;16;18,0.5,reconstruct_from,shift_by(1)_7:False;shift_by(1)_7:True;tokens:A;tokens:B;tokens:C,0.0024266158017623904,-0.025764950130477193,,,,,
detect_pattern_AB_raw,scale_group:reconstruct_from,304,0.9742350500773439,0.0024266157821892158,0.04367853304553095,5.0,13;14;15;16;18,1.5,reconstruct_from,shift_by(1)_7:False;shift_by(1)_7:True;tokens:A;tokens:B;tokens:C,0.0024266157821891724,-0.025764949922655656,,,,,
detect_pattern_AB_raw,scale_group:shift_true,304,0.9659314122408849,0.003208675855429123,0.028876180157840787,1.0,14,0.0,shift_true,shift_by(1)_7:True,0.00320867585542908,-0.0340685877591147,,,,,
detect_pattern_AB_raw,scale_group:shift_true,304,0.9914828530611633,0.0008021689637685474,0.014438092085607902,1.0,14,0.5,shift_true,shift_by(1)_7:True,0.0008021689637685042,-0.008517146938836206,,,,,
detect_pattern_AB_raw,scale_group:shift_true,304,0.9914828530573935,0.0008021689641236089,0.014438091735330385,1.0,14,1.5,shift_true,shift_by(1)_7:True,0.0008021689641235656,-0.00851714694260608,,,,,
detect_pattern_AB_raw,scale_group:shift_false,304,0.9310003252702783,0.0064985843235748925,0.058483398643682745,1.0,13,0.0,shift_false,shift_by(1)_7:False,0.006498584323574849,-0.06899967472972124,,,,,
detect_pattern_AB_raw,scale_group:shift_false,304,0.982750081264662,0.0016246460858767046,0.029241700380190055,1.0,13,0.5,shift_false,shift_by(1)_7:False,0.0016246460858766615,-0.017249918735337544,,,,,
detect_pattern_AB_raw,scale_group:shift_false,304,0.9827500814762908,0.0016246460659449123,0.029241699363238796,1.0,13,1.5,shift_false,shift_by(1)_7:False,0.0016246460659448691,-0.017249918523708718,,,,,
detect_pattern_AB_raw,scale_group:token_B,304,0.9999999999782417,2.0492592850982497e-12,8.590815988987659e-07,1.0,16,0.0,token_B,tokens:B,2.049216049224036e-12,-2.175781776969643e-11,,,,,
detect_pattern_AB_raw,scale_group:token_B,304,0.9999999999945625,5.12123926890612e-13,4.3039987055379516e-07,1.0,16,0.5,token_B,tokens:B,5.120806910163985e-13,-5.437095218496779e-12,,,,,
detect_pattern_AB_raw,scale_group:token_B,304,0.9999999999945529,5.130172120671799e-13,4.307734457841214e-07,1.0,16,1.5,token_B,tokens:B,5.129739761929665e-13,-5.4466431365085555e-12,,,,,
detect_pattern_AB_raw,ablate_explicit_detector_group,304,-0.5109583414815664,0.14230632579050762,0.32915428463917185,6.0,0;1;8;9;10;11,0.0,explicit_detector,detect_pattern_AB_raw_6:False;detect_pattern_AB_raw_6:True;map_10:False;map_10:True;map_8:False;map_8:True,0.14230632579050756,-1.510958341481566,,,,,
detect_pattern_AB_raw,ablate_explicit_group_then_reconstruct_first_order,304,0.5531001162205396,0.04209029376316248,0.13397009381613287,6.0,0;1;8;9;10;11,,explicit_detector,,0.04209029376316244,-0.44689988377946,ok,first_order,5.0,shift_by(1)_7:False;shift_by(1)_7:True;tokens:A;tokens:B;tokens:C,
detect_pattern_AB_raw,ablate_explicit_group_then_reconstruct_lifted,304,0.9999999999999996,4.348514449320251e-17,4.0588403933526274e-09,6.0,0;1;8;9;10;11,,explicit_detector,,2.4927027974363545e-19,0.0,ok,lifted,15.0,shift_by(1)_7:False;shift_by(1)_7:True;tokens:A;tokens:B;tokens:C,
detect_pattern_AB_raw,ablate_explicit_group_then_reconstruct_semantic_lifted,304,0.6565927023418294,0.03234306958553407,0.08316233632375838,6.0,0;1;8;9;10;11,,explicit_detector,,0.032343069585534026,-0.34340729765817013,ok,,,,explicit bool detector/map group <- shift_by(1)_7:True * tokens:B
