program,method,split,detector_label,r2,mse,mae
first_order_is_A,first_order,train,is_A_1,1.0,5.359104520259151e-22,2.1953989059666132e-11
first_order_is_A,first_order,test,is_A_1,1.0,5.115837339777543e-22,2.1455707459243868e-11
first_order_is_A,first_order,train,__GROUP__,1.0,5.359104520259151e-22,2.1953989059666132e-11
first_order_is_A,first_order,test,__GROUP__,1.0,5.115837339777543e-22,2.1455707459243868e-11
first_order_is_A,lifted,train,is_A_1,1.0,5.359104520259151e-22,2.1953989059666132e-11
first_order_is_A,lifted,test,is_A_1,1.0,5.115837339777543e-22,2.1455707459243868e-11
first_order_is_A,lifted,train,__GROUP__,1.0,5.359104520259151e-22,2.1953989059666132e-11
first_order_is_A,lifted,test,__GROUP__,1.0,5.115837339777543e-22,2.1455707459243868e-11
paircat_AB_to_numeric,first_order,train,detect_AB_num_2,0.493586334504559,0.03872297615994682,0.12725058769238143
paircat_AB_to_numeric,first_order,test,detect_AB_num_2,0.5410863518970523,0.04322178388031432,0.1335968129824808
paircat_AB_to_numeric,first_order,train,paircat_AB_3:AB,0.493586334504559,0.03872297615994682,0.12725058769238143
paircat_AB_to_numeric,first_order,test,paircat_AB_3:AB,0.5410863518970523,0.04322178388031432,0.1335968129824808
paircat_AB_to_numeric,first_order,train,paircat_AB_3:OTHER,0.8122670771629698,0.03774876268262946,0.12725059236642144
paircat_AB_to_numeric,first_order,test,paircat_AB_3:OTHER,0.8052832554893479,0.04230562909155782,0.13458451473429095
paircat_AB_to_numeric,first_order,train,__GROUP__,0.6745977854060028,0.03839823833417437,0.12725058925039476
paircat_AB_to_numeric,first_order,test,__GROUP__,0.6825969908929688,0.042916398950728823,0.13392604689975085
paircat_AB_to_numeric,lifted,train,detect_AB_num_2,0.9999999999999998,1.6477189752172782e-17,8.724235996449974e-10
paircat_AB_to_numeric,lifted,test,detect_AB_num_2,0.9999999999999998,1.9289272830933346e-17,1.0179396467620482e-09
paircat_AB_to_numeric,lifted,train,paircat_AB_3:AB,0.9999999999999998,1.6477189752172782e-17,8.724235996449974e-10
paircat_AB_to_numeric,lifted,test,paircat_AB_3:AB,0.9999999999999998,1.9289272830933346e-17,1.0179396467620482e-09
paircat_AB_to_numeric,lifted,train,paircat_AB_3:OTHER,0.9999999999999992,1.4890463433093725e-16,5.036859960362157e-09
paircat_AB_to_numeric,lifted,test,paircat_AB_3:OTHER,0.9999999999999993,1.5225267060350354e-16,5.307934818260175e-09
paircat_AB_to_numeric,lifted,train,__GROUP__,0.9999999999999994,6.06196712784276e-17,2.260569053217384e-09
paircat_AB_to_numeric,lifted,test,__GROUP__,0.9999999999999996,6.36104054217901e-17,2.447938037261424e-09
detect_pattern_AB_raw,first_order,train,detect_pattern_AB_raw_6:False,0.8122326826032542,0.0377556781929667,0.12726316158249054
detect_pattern_AB_raw,first_order,test,detect_pattern_AB_raw_6:False,0.80528626570776,0.04230497494103347,0.1345738856703901
detect_pattern_AB_raw,first_order,train,detect_pattern_AB_raw_6:True,0.4935035255734792,0.0387293081322104,0.127263156532977
detect_pattern_AB_raw,first_order,test,detect_pattern_AB_raw_6:True,0.5411004601395373,0.0432204551040129,0.13358578693794446
detect_pattern_AB_raw,first_order,train,map_10:False,1.0,2.3830509950953343e-22,1.4636338488309644e-11
detect_pattern_AB_raw,first_order,test,map_10:False,1.0,2.283767842183371e-22,1.4336619975980668e-11
detect_pattern_AB_raw,first_order,train,map_10:True,1.0,2.383052733446755e-22,1.463634677537503e-11
detect_pattern_AB_raw,first_order,test,map_10:True,1.0,2.283769904802544e-22,1.4336629653911639e-11
detect_pattern_AB_raw,first_order,train,map_8:False,1.0,2.4412732706786743e-22,1.4631882240766456e-11
detect_pattern_AB_raw,first_order,test,map_8:False,1.0,2.5816358475153283e-22,1.5057595521327765e-11
detect_pattern_AB_raw,first_order,train,map_8:True,1.0,2.4412879504280387e-22,1.4631950060647157e-11
detect_pattern_AB_raw,first_order,test,map_8:True,1.0,2.5816495580766995e-22,1.5057658519180312e-11
detect_pattern_AB_raw,first_order,train,__GROUP__,0.9343992176485248,0.01274749772086285,0.042421053029000684
detect_pattern_AB_raw,first_order,test,__GROUP__,0.9286476096953294,0.01425423834084106,0.04469327877785384
detect_pattern_AB_raw,lifted,train,detect_pattern_AB_raw_6:False,1.0,3.356973010035706e-21,4.391446002291283e-11
detect_pattern_AB_raw,lifted,test,detect_pattern_AB_raw_6:False,1.0,3.6879484087583205e-21,4.589617256319237e-11
detect_pattern_AB_raw,lifted,train,detect_pattern_AB_raw_6:True,1.0,2.004246230676553e-21,2.195392206560141e-11
detect_pattern_AB_raw,lifted,test,detect_pattern_AB_raw_6:True,1.0,2.2435857579194933e-21,2.36564199129354e-11
detect_pattern_AB_raw,lifted,train,map_10:False,1.0,1.199418513483162e-21,1.4637669780990323e-11
detect_pattern_AB_raw,lifted,test,map_10:False,1.0,1.1904285105845642e-21,1.528888127211303e-11
detect_pattern_AB_raw,lifted,train,map_10:True,1.0,1.1994183689896841e-21,1.4637659787764416e-11
detect_pattern_AB_raw,lifted,test,map_10:True,1.0,1.1904285998395068e-21,1.528886976815735e-11
detect_pattern_AB_raw,lifted,train,map_8:False,1.0,1.2286774768387197e-21,1.4637400938839687e-11
detect_pattern_AB_raw,lifted,test,map_8:False,1.0,1.332992693535593e-21,1.5993458750345425e-11
detect_pattern_AB_raw,lifted,train,map_8:True,1.0,1.2287640720996606e-21,1.4637894750441855e-11
detect_pattern_AB_raw,lifted,test,map_8:True,1.0,1.3330858551316973e-21,1.5993991401753786e-11
detect_pattern_AB_raw,lifted,train,__GROUP__,1.0,1.7029162786872477e-21,2.0736501224425087e-11
detect_pattern_AB_raw,lifted,test,__GROUP__,1.0,1.829744970961529e-21,2.2019632278082893e-11
