subset_idx,subset_name,mask_bits,heads,n_heads,n_P,n_B,n_E,has_P,has_B,has_E,P_B,P_E,B_E,ablation,position_mode,logit_diff_mean,logit_diff_std,drop_from_clean_mean,drop_from_clean_std,n_prompts
0,clean,0000000000000,,0,0,0,0,0,0,0,0,0,0,mean,end,3.7487902641296387,1.191861629486084,0.0,0.0,256
1,P:9.9,1000000000000,9.9,1,1,0,0,1,0,0,0,0,0,mean,end,3.555208444595337,1.2755370140075684,0.1935817301273346,0.4182373583316803,256
2,P:9.6,0100000000000,9.6,1,1,0,0,1,0,0,0,0,0,mean,end,3.9064249992370605,1.3394423723220825,-0.1576346457004547,0.31305789947509766,256
3,P:10.0,0010000000000,10.0,1,1,0,0,1,0,0,0,0,0,mean,end,3.31960391998291,1.1437557935714722,0.42918622493743896,0.4486764371395111,256
4,B:9.0,0001000000000,9.0,1,0,1,0,0,1,0,0,0,0,mean,end,3.7453036308288574,1.197400689125061,0.0034867338836193085,0.055598095059394836,256
5,B:9.7,0000100000000,9.7,1,0,1,0,0,1,0,0,0,0,mean,end,3.568213939666748,1.1208621263504028,0.18057629466056824,0.22362366318702698,256
6,B:10.1,0000010000000,10.1,1,0,1,0,0,1,0,0,0,0,mean,end,3.635946750640869,1.207819938659668,0.11284342408180237,0.21604610979557037,256
7,B:10.2,0000001000000,10.2,1,0,1,0,0,1,0,0,0,0,mean,end,3.7027130126953125,1.1476320028305054,0.04607735201716423,0.2969113290309906,256
8,B:10.6,0000000100000,10.6,1,0,1,0,0,1,0,0,0,0,mean,end,3.5430049896240234,1.182987928390503,0.20578551292419434,0.41660076379776,256
9,B:10.10,0000000010000,10.10,1,0,1,0,0,1,0,0,0,0,mean,end,3.6209020614624023,1.1556810140609741,0.1278882920742035,0.19546018540859222,256
10,B:11.2,0000000001000,11.2,1,0,1,0,0,1,0,0,0,0,mean,end,4.052509784698486,1.313907504081726,-0.3037194311618805,0.43450766801834106,256
11,B:11.9,0000000000100,11.9,1,0,1,0,0,1,0,0,0,0,mean,end,3.7045748233795166,1.169108271598816,0.04421548917889595,0.12209493666887283,256
12,E:10.7,0000000000010,10.7,1,0,0,1,0,0,1,0,0,0,mean,end,4.780572891235352,1.6302076578140259,-1.0317823886871338,0.6534280776977539,256
13,E:11.10,0000000000001,11.10,1,0,0,1,0,0,1,0,0,0,mean,end,4.478853225708008,1.5512096881866455,-0.7300628423690796,0.5254141092300415,256
14,E:10.7|E:11.10,0000000000011,"10.7,11.10",2,0,0,2,0,0,1,0,0,0,mean,end,5.898861885070801,2.020946502685547,-2.1500720977783203,1.0898935794830322,256
15,B:9.0|B:9.7|B:10.1|B:10.2|B:10.6|B:10.10|B:11.2|B:11.9,0001111111100,"9.0,9.7,10.1,10.2,10.6,10.10,11.2,11.9",8,0,8,0,0,1,0,0,0,0,mean,end,3.3985533714294434,1.1379331350326538,0.35023677349090576,0.6865667700767517,256
16,B:9.0|B:9.7|B:10.1|B:10.2|B:10.6|B:10.10|B:11.2|B:11.9|E:10.7|E:11.10,0001111111111,"9.0,9.7,10.1,10.2,10.6,10.10,11.2,11.9,10.7,11.10",10,0,8,2,0,1,1,0,0,1,mean,end,5.128233909606934,1.6940096616744995,-1.3794432878494263,0.9450730085372925,256
17,P:9.9|P:9.6|P:10.0,1110000000000,"9.9,9.6,10.0",3,3,0,0,1,0,0,0,0,0,mean,end,3.285790205001831,1.4472163915634155,0.46299999952316284,0.7461273074150085,256
18,P:9.9|P:9.6|P:10.0|E:10.7|E:11.10,1110000000011,"9.9,9.6,10.0,10.7,11.10",5,3,0,2,1,0,1,0,1,0,mean,end,3.587552070617676,1.7844027280807495,0.16123810410499573,0.9818617105484009,256
19,P:9.9|P:9.6|P:10.0|B:9.0|B:9.7|B:10.1|B:10.2|B:10.6|B:10.10|B:11.2|B:11.9,1111111111100,"9.9,9.6,10.0,9.0,9.7,10.1,10.2,10.6,10.10,11.2,11.9",11,3,8,0,1,1,0,1,0,0,mean,end,1.8802671432495117,1.4793189764022827,1.8685232400894165,1.4637701511383057,256
20,P:9.9|P:9.6|P:10.0|B:9.0|B:9.7|B:10.1|B:10.2|B:10.6|B:10.10|B:11.2|B:11.9|E:10.7|E:11.10,1111111111111,"9.9,9.6,10.0,9.0,9.7,10.1,10.2,10.6,10.10,11.2,11.9,10.7,11.10",13,3,8,2,1,1,1,1,1,1,mean,end,1.422010898590088,1.3235142230987549,2.326779365539551,1.295496940612793,256
21,B:11.2|B:11.9|E:10.7,0000000001110,"11.2,11.9,10.7",3,0,2,1,0,1,1,0,0,1,mean,end,4.947335243225098,1.6626473665237427,-1.1985448598861694,0.7661956548690796,256
22,B:10.10|B:11.2|E:10.7,0000000011010,"10.10,11.2,10.7",3,0,2,1,0,1,1,0,0,1,mean,end,4.824186325073242,1.6236670017242432,-1.0753964185714722,0.7696712017059326,256
23,B:10.6|E:11.10,0000000100001,"10.6,11.10",2,0,1,1,0,1,1,0,0,1,mean,end,4.208878517150879,1.5401087999343872,-0.460088312625885,0.6894221305847168,256
24,B:10.6|E:10.7,0000000100010,"10.6,10.7",2,0,1,1,0,1,1,0,0,1,mean,end,4.571455001831055,1.5876061916351318,-0.8226649761199951,0.7106549739837646,256
25,B:10.6|B:10.10|B:11.2|E:10.7|E:11.10,0000000111011,"10.6,10.10,11.2,10.7,11.10",5,0,3,2,0,1,1,0,0,1,mean,end,5.599337577819824,1.9209985733032227,-1.8505470752716064,1.1039458513259888,256
26,B:10.6|B:10.10|B:11.2|B:11.9,0000000111100,"10.6,10.10,11.2,11.9",4,0,4,0,0,1,0,0,0,0,mean,end,3.6734566688537598,1.2154110670089722,0.07533355057239532,0.5839369893074036,256
27,B:10.2|B:10.6,0000001100000,"10.2,10.6",2,0,2,0,0,1,0,0,0,0,mean,end,3.4980692863464355,1.1668431758880615,0.250720739364624,0.565209150314331,256
28,B:10.2|B:10.6|B:10.10|E:10.7|E:11.10,0000001110011,"10.2,10.6,10.10,10.7,11.10",5,0,3,2,0,1,1,0,0,1,mean,end,5.317271709442139,1.8012452125549316,-1.5684809684753418,0.9849770069122314,256
29,B:10.1|B:11.2|B:11.9,0000010001100,"10.1,11.2,11.9",3,0,3,0,0,1,0,0,0,0,mean,end,3.8990390300750732,1.3199052810668945,-0.1502489447593689,0.5272373557090759,256
30,B:10.1|B:10.10,0000010010000,"10.1,10.10",2,0,2,0,0,1,0,0,0,0,mean,end,3.5208725929260254,1.1792594194412231,0.22791747748851776,0.2829437255859375,256
31,B:10.1|B:10.10|E:11.10,0000010010001,"10.1,10.10,11.10",3,0,2,1,0,1,1,0,0,1,mean,end,3.9587507247924805,1.4705359935760498,-0.209960475564003,0.5429079532623291,256
32,B:10.1|B:10.6,0000010100000,"10.1,10.6",2,0,2,0,0,1,0,0,0,0,mean,end,3.432403326034546,1.1898014545440674,0.31638699769973755,0.4347609281539917,256
33,B:10.1|B:10.6|E:11.10,0000010100001,"10.1,10.6,11.10",3,0,2,1,0,1,1,0,0,1,mean,end,4.007038116455078,1.529645562171936,-0.25824761390686035,0.6800200939178467,256
34,B:10.1|B:10.6|B:11.2|E:11.10,0000010101001,"10.1,10.6,11.2,11.10",4,0,3,1,0,1,1,0,0,1,mean,end,4.32122802734375,1.5999369621276855,-0.5724373459815979,0.7516720294952393,256
35,B:10.1|B:10.6|B:11.2|B:11.9,0000010101100,"10.1,10.6,11.2,11.9",4,0,4,0,0,1,0,0,0,0,mean,end,3.695124387741089,1.2707728147506714,0.05366593599319458,0.5916056632995605,256
36,B:10.1|B:10.2|B:10.6|B:10.10|B:11.9|E:11.10,0000011110101,"10.1,10.2,10.6,10.10,11.9,11.10",6,0,5,1,0,1,1,0,0,1,mean,end,3.5589499473571777,1.3603416681289673,0.18984055519104004,0.7265751361846924,256
37,B:9.7|E:11.10,0000100000001,"9.7,11.10",2,0,1,1,0,1,1,0,0,1,mean,end,4.264802932739258,1.4712003469467163,-0.5160127282142639,0.5440999269485474,256
38,B:9.7|E:10.7|E:11.10,0000100000011,"9.7,10.7,11.10",3,0,1,2,0,1,1,0,0,1,mean,end,5.675076484680176,1.9536041021347046,-1.926286220550537,1.0804078578948975,256
39,B:9.7|B:11.9|E:10.7,0000100000110,"9.7,11.9,10.7",3,0,2,1,0,1,1,0,0,1,mean,end,4.525055885314941,1.5220310688018799,-0.7762652635574341,0.6223828792572021,256
40,B:9.7|B:11.2,0000100001000,"9.7,11.2",2,0,2,0,0,1,0,0,0,0,mean,end,3.8739511966705322,1.2649401426315308,-0.12516102194786072,0.5096473097801208,256
41,B:9.7|B:11.2|E:10.7,0000100001010,"9.7,11.2,10.7",3,0,2,1,0,1,1,0,0,1,mean,end,4.812411308288574,1.649233341217041,-1.0636210441589355,0.8201248049736023,256
42,B:9.7|B:11.2|B:11.9,0000100001100,"9.7,11.2,11.9",3,0,3,0,0,1,0,0,0,0,mean,end,3.8329238891601562,1.2437881231307983,-0.08413372933864594,0.5211881399154663,256
43,B:9.7|B:10.6,0000100100000,"9.7,10.6",2,0,2,0,0,1,0,0,0,0,mean,end,3.3669369220733643,1.098361611366272,0.38185346126556396,0.4352773129940033,256
44,B:9.7|B:10.2,0000101000000,"9.7,10.2",2,0,2,0,0,1,0,0,0,0,mean,end,3.519681930541992,1.066642165184021,0.22910822927951813,0.3354182541370392,256
45,B:9.7|B:10.2|B:10.6|E:10.7,0000101100010,"9.7,10.2,10.6,10.7",4,0,3,1,0,1,1,0,0,1,mean,end,4.33512020111084,1.4432814121246338,-0.5863301157951355,0.6826454997062683,256
46,B:9.7|B:10.2|B:10.6|B:10.10,0000101110000,"9.7,10.2,10.6,10.10",4,0,4,0,0,1,0,0,0,0,mean,end,3.2090840339660645,1.0413812398910522,0.5397062301635742,0.5610281229019165,256
47,B:9.7|B:10.1|B:10.6|B:10.10,0000110110000,"9.7,10.1,10.6,10.10",4,0,4,0,0,1,0,0,0,0,mean,end,3.150817394256592,1.0850502252578735,0.5979728102684021,0.4795437753200531,256
48,B:9.7|B:10.1|B:10.6|B:10.10|B:11.9|E:11.10,0000110110101,"9.7,10.1,10.6,10.10,11.9,11.10",6,0,5,1,0,1,1,0,0,1,mean,end,3.4424619674682617,1.33304762840271,0.30632853507995605,0.6701980829238892,256
49,B:9.7|B:10.1|B:10.2|B:10.10|B:11.2|E:11.10,0000111011001,"9.7,10.1,10.2,10.10,11.2,11.10",6,0,5,1,0,1,1,0,0,1,mean,end,4.019858360290527,1.4161797761917114,-0.27106791734695435,0.6626768708229065,256
50,B:9.0|B:11.9,0001000000100,"9.0,11.9",2,0,2,0,0,1,0,0,0,0,mean,end,3.7003324031829834,1.1739296913146973,0.04845794662833214,0.13433118164539337,256
51,B:9.0|B:11.9|E:11.10,0001000000101,"9.0,11.9,11.10",3,0,2,1,0,1,1,0,0,1,mean,end,4.444219589233398,1.526902198791504,-0.6954296827316284,0.5060860514640808,256
52,B:9.0|B:10.6,0001000100000,"9.0,10.6",2,0,2,0,0,1,0,0,0,0,mean,end,3.534017324447632,1.1826214790344238,0.214773029088974,0.41328150033950806,256
53,B:9.0|B:10.6|E:10.7|E:11.10,0001000100011,"9.0,10.6,10.7,11.10",4,0,2,2,0,1,1,0,0,1,mean,end,5.640488624572754,1.9814996719360352,-1.8916981220245361,1.116264820098877,256
54,B:9.0|B:10.6|B:10.10|B:11.2|E:10.7,0001000111010,"9.0,10.6,10.10,11.2,10.7",5,0,4,1,0,1,1,0,0,1,mean,end,4.606842041015625,1.546413540840149,-0.8580515384674072,0.7625147104263306,256
55,B:9.0|B:10.2|B:10.10|E:10.7,0001001010010,"9.0,10.2,10.10,10.7",4,0,3,1,0,1,1,0,0,1,mean,end,4.541297912597656,1.4586644172668457,-0.7925072908401489,0.5413298010826111,256
56,B:9.0|B:10.1,0001010000000,"9.0,10.1",2,0,2,0,0,1,0,0,0,0,mean,end,3.6323370933532715,1.2141387462615967,0.11645318567752838,0.22837504744529724,256
57,B:9.0|B:9.7|B:10.2|B:11.9|E:10.7,0001101000110,"9.0,9.7,10.2,11.9,10.7",5,0,4,1,0,1,1,0,0,1,mean,end,4.461071968078613,1.4325098991394043,-0.7122814655303955,0.563469409942627,256
58,B:9.0|B:9.7|B:10.1|B:10.6,0001110100000,"9.0,9.7,10.1,10.6",4,0,4,0,0,1,0,0,0,0,mean,end,3.2487361431121826,1.113307237625122,0.5000541806221008,0.4705705940723419,256
59,B:9.0|B:9.7|B:10.1|B:10.2|B:10.6|B:11.9,0001111100100,"9.0,9.7,10.1,10.2,10.6,11.9",6,0,6,0,0,1,0,0,0,0,mean,end,3.151095390319824,1.0747992992401123,0.5976946353912354,0.6265223622322083,256
60,B:9.0|B:9.7|B:10.1|B:10.2|B:10.6|B:10.10|B:11.2,0001111111000,"9.0,9.7,10.1,10.2,10.6,10.10,11.2",7,0,7,0,0,1,0,0,0,0,mean,end,3.4456348419189453,1.1376802921295166,0.3031555414199829,0.6210857629776001,256
61,P:10.0|E:10.7|E:11.10,0010000000011,"10.0,10.7,11.10",3,1,0,2,1,0,1,0,1,0,mean,end,5.389782905578613,1.9451075792312622,-1.6409931182861328,1.1130086183547974,256
62,P:10.0|B:10.10,0010000010000,"10.0,10.10",2,1,1,0,1,1,0,1,0,0,mean,end,3.230638027191162,1.1329336166381836,0.5181521773338318,0.48801133036613464,256
63,P:10.0|B:10.10|B:11.2|B:11.9|E:11.10,0010000011101,"10.0,10.10,11.2,11.9,11.10",5,1,3,1,1,1,1,1,1,1,mean,end,3.7214322090148926,1.560316562652588,0.027358129620552063,1.0541317462921143,256
64,P:10.0|B:10.2|B:11.2|E:10.7,0010001001010,"10.0,10.2,11.2,10.7",4,1,2,1,1,1,1,1,1,1,mean,end,4.449370384216309,1.5610594749450684,-0.7005804181098938,0.9469736814498901,256
65,P:10.0|B:10.2|B:10.6|B:11.9|E:10.7,0010001100110,"10.0,10.2,10.6,11.9,10.7",5,1,3,1,1,1,1,1,1,1,mean,end,4.028125762939453,1.333791971206665,-0.27933570742607117,0.6096843481063843,256
66,P:10.0|B:10.2|B:10.6|B:10.10|B:11.2,0010001111000,"10.0,10.2,10.6,10.10,11.2",5,1,4,0,1,1,0,1,0,0,mean,end,3.1630325317382812,1.1450059413909912,0.5857577323913574,0.8553200960159302,256
67,P:10.0|B:10.1|B:11.9,0010010000100,"10.0,10.1,11.9",3,1,2,0,1,1,0,1,0,0,mean,end,3.167292594909668,1.1398450136184692,0.5814974904060364,0.5146800875663757,256
68,P:10.0|B:10.1|B:10.6|B:11.2|E:11.10,0010010101001,"10.0,10.1,10.6,11.2,11.10",5,1,3,1,1,1,1,1,1,1,mean,end,3.622864007949829,1.4693471193313599,0.12592613697052002,0.8714896440505981,256
69,P:10.0|B:10.1|B:10.6|B:10.10|E:10.7,0010010110010,"10.0,10.1,10.6,10.10,10.7",5,1,3,1,1,1,1,1,1,1,mean,end,3.906634569168091,1.351205825805664,-0.15784421563148499,0.5303037762641907,256
70,P:10.0|B:10.1|B:10.2|B:11.9|E:11.10,0010011000101,"10.0,10.1,10.2,11.9,11.10",5,1,3,1,1,1,1,1,1,1,mean,end,3.607978582382202,1.337792158126831,0.1408117264509201,0.5918445587158203,256
71,P:10.0|B:9.7,0010100000000,"10.0,9.7",2,1,1,0,1,1,0,1,0,0,mean,end,3.14607310295105,1.0947599411010742,0.6027170419692993,0.5467116832733154,256
72,P:10.0|B:9.7|B:10.2|E:10.7|E:11.10,0010101000011,"10.0,9.7,10.2,10.7,11.10",5,1,2,2,1,1,1,1,1,1,mean,end,5.13377046585083,1.7788664102554321,-1.3849802017211914,1.0116963386535645,256
73,P:10.0|B:9.7|B:10.2|B:11.9|E:11.10,0010101000101,"10.0,9.7,10.2,11.9,11.10",5,1,3,1,1,1,1,1,1,1,mean,end,3.6107890605926514,1.2736420631408691,0.13800126314163208,0.6257325410842896,256
74,P:10.0|B:9.7|B:10.1|B:11.2|B:11.9,0010110001100,"10.0,9.7,10.1,11.2,11.9",5,1,4,0,1,1,0,1,0,0,mean,end,3.1830015182495117,1.3673908710479736,0.5657888650894165,1.0441116094589233,256
75,P:10.0|B:9.7|B:10.1|B:10.6|B:11.2|E:10.7,0010110101010,"10.0,9.7,10.1,10.6,11.2,10.7",6,1,4,1,1,1,1,1,1,1,mean,end,3.963813543319702,1.4798407554626465,-0.21502317488193512,0.9356971383094788,256
76,P:10.0|B:9.7|B:10.1|B:10.2|B:10.10|B:11.2|E:10.7,0010111011010,"10.0,9.7,10.1,10.2,10.10,11.2,10.7",7,1,5,1,1,1,1,1,1,1,mean,end,4.014071464538574,1.4920119047164917,-0.26528146862983704,1.0138922929763794,256
77,P:10.0|B:9.7|B:10.1|B:10.2|B:10.10|B:11.2|B:11.9|E:10.7|E:11.10,0010111011111,"10.0,9.7,10.1,10.2,10.10,11.2,11.9,10.7,11.10",9,1,6,2,1,1,1,1,1,1,mean,end,4.776084899902344,1.7650213241577148,-1.0272948741912842,1.1889638900756836,256
78,P:10.0|B:9.0|B:10.2|E:10.7|E:11.10,0011001000011,"10.0,9.0,10.2,10.7,11.10",5,1,2,2,1,1,1,1,1,1,mean,end,5.321805953979492,1.8390165567398071,-1.5730152130126953,1.0163551568984985,256
79,P:10.0|B:9.0|B:9.7|B:10.2|B:10.6|B:10.10,0011101110000,"10.0,9.0,9.7,10.2,10.6,10.10",6,1,5,0,1,1,0,1,0,0,mean,end,2.820727825164795,0.9298786520957947,0.9280625581741333,0.5566133856773376,256
80,P:10.0|B:9.0|B:9.7|B:10.1|B:10.2|B:11.9|E:10.7|E:11.10,0011111000111,"10.0,9.0,9.7,10.1,10.2,11.9,10.7,11.10",8,1,5,2,1,1,1,1,1,1,mean,end,4.870728015899658,1.7091931104660034,-1.1219375133514404,0.9480757713317871,256
81,P:10.0|B:9.0|B:9.7|B:10.1|B:10.2|B:10.10|B:11.2|E:10.7,0011111011010,"10.0,9.0,9.7,10.1,10.2,10.10,11.2,10.7",8,1,6,1,1,1,1,1,1,1,mean,end,3.9778285026550293,1.5040570497512817,-0.2290382981300354,1.049436330795288,256
82,P:9.6|B:10.2|E:11.10,0100001000001,"9.6,10.2,11.10",3,1,1,1,1,1,1,1,1,1,mean,end,4.5832719802856445,1.6108713150024414,-0.8344818949699402,0.6506305932998657,256
83,P:9.6|B:10.2|E:10.7|E:11.10,0100001000011,"9.6,10.2,10.7,11.10",4,1,1,2,1,1,1,1,1,1,mean,end,5.6336164474487305,1.9767175912857056,-1.8848258256912231,1.0510817766189575,256
84,P:9.6|B:10.2|B:10.6,0100001100000,"9.6,10.2,10.6",3,1,2,0,1,1,0,1,0,0,mean,end,3.5807456970214844,1.2215452194213867,0.16804474592208862,0.5358457565307617,256
85,P:9.6|B:10.2|B:10.6|B:10.10|B:11.2,0100001111000,"9.6,10.2,10.6,10.10,11.2",5,1,4,0,1,1,0,1,0,0,mean,end,3.7953310012817383,1.288703203201294,-0.046540651470422745,0.6527159214019775,256
86,P:9.6|B:10.1|B:11.2|E:11.10,0100010001001,"9.6,10.1,11.2,11.10",4,1,2,1,1,1,1,1,1,1,mean,end,4.831643104553223,1.8845384120941162,-1.0828533172607422,0.9638017416000366,256
87,P:9.6|B:9.7|B:10.2|B:10.10|B:11.2|B:11.9,0100101011100,"9.6,9.7,10.2,10.10,11.2,11.9",6,1,5,0,1,1,0,1,0,0,mean,end,3.800405740737915,1.3235145807266235,-0.05161554738879204,0.7435756921768188,256
88,P:9.6|B:9.7|B:10.2|B:10.6|B:10.10|B:11.9|E:11.10,0100101110101,"9.6,9.7,10.2,10.6,10.10,11.9,11.10",7,1,5,1,1,1,1,1,1,1,mean,end,3.6287665367126465,1.3583860397338867,0.1200236976146698,0.736046314239502,256
89,P:9.6|B:9.7|B:10.1|B:10.10|B:11.2|B:11.9,0100110011100,"9.6,9.7,10.1,10.10,11.2,11.9",6,1,5,0,1,1,0,1,0,0,mean,end,3.733428716659546,1.4563164710998535,0.01536153256893158,0.8362225294113159,256
90,P:9.6|B:9.7|B:10.1|B:10.6|B:11.2|E:10.7,0100110101010,"9.6,9.7,10.1,10.6,11.2,10.7",6,1,4,1,1,1,1,1,1,1,mean,end,4.344452381134033,1.6757471561431885,-0.5956620573997498,0.9418556094169617,256
91,P:9.6|B:9.0|E:10.7,0101000000010,"9.6,9.0,10.7",3,1,1,1,1,1,1,1,1,1,mean,end,4.634957790374756,1.7195059061050415,-0.8861677646636963,0.7806177735328674,256
92,P:9.6|B:9.0|B:10.6|B:10.10|E:11.10,0101000110001,"9.6,9.0,10.6,10.10,11.10",5,1,3,1,1,1,1,1,1,1,mean,end,4.030037879943848,1.5516263246536255,-0.2812478244304657,0.6911852955818176,256
93,P:9.6|B:9.0|B:10.1|B:10.6|B:11.9|E:10.7,0101010100110,"9.6,9.0,10.1,10.6,11.9,10.7",6,1,4,1,1,1,1,1,1,1,mean,end,4.189455032348633,1.5574142932891846,-0.4406648278236389,0.6777406334877014,256
94,P:9.6|B:9.0|B:9.7,0101100000000,"9.6,9.0,9.7",3,1,2,0,1,1,0,1,0,0,mean,end,3.721447706222534,1.2949190139770508,0.027342859655618668,0.43167543411254883,256
95,P:9.6|B:9.0|B:9.7|B:10.2|B:10.6|E:10.7|E:11.10,0101101100011,"9.6,9.0,9.7,10.2,10.6,10.7,11.10",7,1,4,2,1,1,1,1,1,1,mean,end,5.093587398529053,1.8093316555023193,-1.3447967767715454,0.9918078780174255,256
96,P:9.6|B:9.0|B:9.7|B:10.1|B:10.6|B:11.9,0101110100100,"9.6,9.0,9.7,10.1,10.6,11.9",6,1,5,0,1,1,0,1,0,0,mean,end,3.3116581439971924,1.2046597003936768,0.43713223934173584,0.5444788336753845,256
97,P:9.6|P:10.0|B:11.2|E:11.10,0110000001001,"9.6,10.0,11.2,11.10",4,2,1,1,1,1,1,1,1,1,mean,end,4.191431045532227,1.9183305501937866,-0.44264090061187744,1.3170583248138428,256
98,P:9.6|P:10.0|B:11.2|B:11.9|E:10.7|E:11.10,0110000001111,"9.6,10.0,11.2,11.9,10.7,11.10",6,2,2,2,1,1,1,1,1,1,mean,end,5.15418815612793,2.2116596698760986,-1.4053981304168701,1.5718555450439453,256
99,P:9.6|P:10.0|B:10.6|B:10.10,0110000110000,"9.6,10.0,10.6,10.10",4,2,2,0,1,1,0,1,0,0,mean,end,3.1148324012756348,1.1728280782699585,0.6339578628540039,0.5093173384666443,256
100,P:9.6|P:10.0|B:10.2|B:10.10,0110001010000,"9.6,10.0,10.2,10.10",4,2,2,0,1,1,0,1,0,0,mean,end,3.2660770416259766,1.2074146270751953,0.48271337151527405,0.600864827632904,256
101,P:9.6|P:10.0|B:9.7,0110100000000,"9.6,10.0,9.7",3,2,1,0,1,1,0,1,0,0,mean,end,3.2396717071533203,1.277571678161621,0.509118378162384,0.7064641118049622,256
102,P:9.6|P:10.0|B:9.7|B:10.2|B:11.2|B:11.9|E:10.7,0110101001110,"9.6,10.0,9.7,10.2,11.2,11.9,10.7",7,2,4,1,1,1,1,1,1,1,mean,end,3.9110703468322754,1.6840887069702148,-0.16227994859218597,1.2594228982925415,256
103,P:9.6|P:10.0|B:9.7|B:10.2|B:10.6,0110101100000,"9.6,10.0,9.7,10.2,10.6",5,2,3,0,1,1,0,1,0,0,mean,end,2.951831817626953,1.026291012763977,0.7969585657119751,0.5632202625274658,256
104,P:9.6|P:10.0|B:9.7|B:10.1|B:11.2|B:11.9|E:10.7|E:11.10,0110110001111,"9.6,10.0,9.7,10.1,11.2,11.9,10.7,11.10",8,2,4,2,1,1,1,1,1,1,mean,end,4.7541093826293945,2.230928421020508,-1.0053188800811768,1.6677000522613525,256
105,P:9.6|P:10.0|B:9.0|B:10.10,0111000010000,"9.6,10.0,9.0,10.10",4,2,2,0,1,1,0,1,0,0,mean,end,3.32090425491333,1.315297245979309,0.4278860092163086,0.6548081636428833,256
106,P:9.6|P:10.0|B:9.0|B:10.1|B:10.2|B:10.6|B:11.9|E:10.7|E:11.10,0111011100111,"9.6,10.0,9.0,10.1,10.2,10.6,11.9,10.7,11.10",9,2,5,2,1,1,1,1,1,1,mean,end,4.457855224609375,1.673112392425537,-0.7090648412704468,0.8650429844856262,256
107,P:9.6|P:10.0|B:9.0|B:9.7|B:10.2,0111101000000,"9.6,10.0,9.0,9.7,10.2",5,2,3,0,1,1,0,1,0,0,mean,end,3.1580941677093506,1.168093204498291,0.5906959772109985,0.660223126411438,256
108,P:9.6|P:10.0|B:9.0|B:9.7|B:10.1|B:10.2|B:10.6|B:10.10|B:11.2|B:11.9,0111111111100,"9.6,10.0,9.0,9.7,10.1,10.2,10.6,10.10,11.2,11.9",10,2,8,0,1,1,0,1,0,0,mean,end,2.739473342895508,1.390946626663208,1.0093169212341309,1.2332319021224976,256
109,P:9.9|B:10.10|B:11.2|B:11.9|E:10.7,1000000011110,"9.9,10.10,11.2,11.9,10.7",5,1,3,1,1,1,1,1,1,1,mean,end,3.560122489929199,1.313948154449463,0.18866771459579468,0.6398316621780396,256
110,P:9.9|B:10.6,1000000100000,"9.9,10.6",2,1,1,0,1,1,0,1,0,0,mean,end,3.2924489974975586,1.27950119972229,0.4563412070274353,0.6657035946846008,256
111,P:9.9|B:10.6|E:10.7|E:11.10,1000000100011,"9.9,10.6,10.7,11.10",4,1,1,2,1,1,1,1,1,1,mean,end,4.137419700622559,1.9327187538146973,-0.3886292278766632,1.2422099113464355,256
112,P:9.9|B:10.6|B:11.2|B:11.9|E:10.7|E:11.10,1000000101111,"9.9,10.6,11.2,11.9,10.7,11.10",6,1,3,2,1,1,1,1,1,1,mean,end,4.3180036544799805,1.8997217416763306,-0.5692131519317627,1.21658456325531,256
113,P:9.9|B:10.2|B:10.6|B:11.2,1000001101000,"9.9,10.2,10.6,11.2",4,1,3,0,1,1,0,1,0,0,mean,end,3.3669328689575195,1.2701998949050903,0.3818577527999878,0.8268769979476929,256
114,P:9.9|B:10.1|B:10.2|E:10.7,1000011000010,"9.9,10.1,10.2,10.7",4,1,2,1,1,1,1,1,1,1,mean,end,3.271132469177246,1.3676493167877197,0.4776580333709717,0.7758901715278625,256
115,P:9.9|B:10.1|B:10.2|B:11.2|E:11.10,1000011001001,"9.9,10.1,10.2,11.2,11.10",5,1,3,1,1,1,1,1,1,1,mean,end,4.0723981857299805,1.6167449951171875,-0.32360804080963135,0.8369650840759277,256
116,P:9.9|B:9.7|E:11.10,1000100000001,"9.9,9.7,11.10",3,1,1,1,1,1,1,1,1,1,mean,end,4.115312576293945,1.580551266670227,-0.3665221333503723,0.7370832562446594,256
117,P:9.9|B:9.7|E:10.7|E:11.10,1000100000011,"9.9,9.7,10.7,11.10",4,1,1,2,1,1,1,1,1,1,mean,end,4.239885330200195,1.7365082502365112,-0.4910953640937805,0.909947395324707,256
118,P:9.9|B:9.7|B:10.6|E:10.7,1000100100010,"9.9,9.7,10.6,10.7",4,1,2,1,1,1,1,1,1,1,mean,end,3.1517302989959717,1.3098185062408447,0.597059965133667,0.776072084903717,256
119,P:9.9|B:9.7|B:10.6|B:11.2|B:11.9,1000100101100,"9.9,9.7,10.6,11.2,11.9",5,1,4,0,1,1,0,1,0,0,mean,end,3.312593460083008,1.2187228202819824,0.4361967444419861,0.7446563243865967,256
120,P:9.9|B:9.7|B:10.1|B:10.10|E:11.10,1000110010001,"9.9,9.7,10.1,10.10,11.10",5,1,3,1,1,1,1,1,1,1,mean,end,3.405729293823242,1.5041145086288452,0.3430608808994293,0.80134516954422,256
121,P:9.9|B:9.0|B:10.10|E:10.7|E:11.10,1001000010011,"9.9,9.0,10.10,10.7,11.10",5,1,2,2,1,1,1,1,1,1,mean,end,3.9677066802978516,1.6940336227416992,-0.21891632676124573,0.8528655767440796,256
122,P:9.9|B:9.0|B:10.2|B:10.6,1001001100000,"9.9,9.0,10.2,10.6",4,1,3,0,1,1,0,1,0,0,mean,end,3.0596089363098145,1.2645882368087769,0.6891812682151794,0.8574146032333374,256
123,P:9.9|B:9.0|B:10.1|B:11.2|E:10.7,1001010001010,"9.9,9.0,10.1,11.2,10.7",5,1,3,1,1,1,1,1,1,1,mean,end,3.721254348754883,1.440464735031128,0.027535997331142426,0.6481641530990601,256
124,P:9.9|P:10.0,1010000000000,"9.9,10.0",2,2,0,0,1,0,0,0,0,0,mean,end,3.106578826904297,1.2372335195541382,0.6422114372253418,0.6230120658874512,256
125,P:9.9|P:10.0|B:10.6|B:10.10|B:11.2|B:11.9|E:11.10,1010000111101,"9.9,10.0,10.6,10.10,11.2,11.9,11.10",7,2,4,1,1,1,1,1,1,1,mean,end,2.715541362762451,1.4008901119232178,1.033249020576477,1.1237353086471558,256
126,P:9.9|P:10.0|B:10.2|B:10.10|B:11.9|E:10.7,1010001010110,"9.9,10.0,10.2,10.10,11.9,10.7",6,2,3,1,1,1,1,1,1,1,mean,end,2.7554447650909424,1.2398844957351685,0.9933454990386963,0.8455489277839661,256
127,P:9.9|P:10.0|B:10.1|B:10.2,1010011000000,"9.9,10.0,10.1,10.2",4,2,2,0,1,1,0,1,0,0,mean,end,2.810879945755005,1.180182695388794,0.9379103779792786,0.7154134511947632,256
128,P:9.9|P:10.0|B:9.7|E:11.10,1010100000001,"9.9,10.0,9.7,11.10",4,2,1,1,1,1,1,1,1,1,mean,end,3.5053834915161133,1.5217996835708618,0.24340659379959106,0.8709965944290161,256
129,P:9.9|P:10.0|B:9.7|B:10.6|B:11.2|E:10.7|E:11.10,1010100101011,"9.9,10.0,9.7,10.6,11.2,10.7,11.10",7,2,3,2,1,1,1,1,1,1,mean,end,3.3121542930603027,1.6108465194702148,0.4366360008716583,1.1664245128631592,256
130,P:9.9|P:10.0|B:9.7|B:10.2|B:10.10|E:11.10,1010101010001,"9.9,10.0,9.7,10.2,10.10,11.10",6,2,3,1,1,1,1,1,1,1,mean,end,2.7094202041625977,1.2549039125442505,1.039369821548462,0.8302733898162842,256
131,P:9.9|P:10.0|B:9.7|B:10.1|B:10.6|B:10.10|B:11.2|B:11.9|E:11.10,1010110111101,"9.9,10.0,9.7,10.1,10.6,10.10,11.2,11.9,11.10",9,2,6,1,1,1,1,1,1,1,mean,end,2.2771718502044678,1.3731521368026733,1.471618413925171,1.1942082643508911,256
132,P:9.9|P:10.0|B:9.0|B:10.2|B:10.6|E:10.7,1011001100010,"9.9,10.0,9.0,10.2,10.6,10.7",6,2,3,1,1,1,1,1,1,1,mean,end,2.6700191497802734,1.2724372148513794,1.0787712335586548,0.9236681461334229,256
133,P:9.9|P:9.6|B:11.2|B:11.9,1100000001100,"9.9,9.6,11.2,11.9",4,2,2,0,1,1,0,1,0,0,mean,end,3.9809985160827637,1.5465210676193237,-0.23220819234848022,0.7236491441726685,256
134,P:9.9|P:9.6|B:10.6|E:10.7,1100000100010,"9.9,9.6,10.6,10.7",4,2,1,1,1,1,1,1,1,1,mean,end,3.1876144409179688,1.3822866678237915,0.5611759424209595,0.6942391395568848,256
135,P:9.9|P:9.6|B:10.2|B:10.6|B:11.2|E:10.7,1100001101010,"9.9,9.6,10.2,10.6,11.2,10.7",6,2,3,1,1,1,1,1,1,1,mean,end,3.181614398956299,1.3704986572265625,0.5671757459640503,0.8826726675033569,256
136,P:9.9|P:9.6|B:9.7|B:10.10|B:11.2|B:11.9|E:10.7,1100100011110,"9.9,9.6,9.7,10.10,11.2,11.9,10.7",7,2,4,1,1,1,1,1,1,1,mean,end,3.2305498123168945,1.301711082458496,0.5182403326034546,0.6736894845962524,256
137,P:9.9|P:9.6|B:9.0,1101000000000,"9.9,9.6,9.0",3,2,1,0,1,1,0,1,0,0,mean,end,3.7744967937469482,1.4670400619506836,-0.025706518441438675,0.5137357115745544,256
138,P:9.9|P:9.6|B:9.0|B:10.2|E:11.10,1101001000001,"9.9,9.6,9.0,10.2,11.10",5,2,2,1,1,1,1,1,1,1,mean,end,4.2202019691467285,1.7527400255203247,-0.47141140699386597,0.9038589000701904,256
139,P:9.9|P:9.6|B:9.0|B:10.2|B:11.2|B:11.9|E:10.7,1101001001110,"9.9,9.6,9.0,10.2,11.2,11.9,10.7",7,2,4,1,1,1,1,1,1,1,mean,end,3.383248805999756,1.3716362714767456,0.3655415177345276,0.7914227843284607,256
140,P:9.9|P:9.6|B:9.0|B:10.2|B:10.6|E:11.10,1101001100001,"9.9,9.6,9.0,10.2,10.6,11.10",6,2,3,1,1,1,1,1,1,1,mean,end,3.805098295211792,1.7428332567214966,-0.05630805343389511,1.0763399600982666,256
141,P:9.9|P:9.6|B:9.0|B:10.1|B:10.6|B:10.10|E:11.10,1101010110001,"9.9,9.6,9.0,10.1,10.6,10.10,11.10",7,2,4,1,1,1,1,1,1,1,mean,end,3.496393918991089,1.6805874109268188,0.25239652395248413,0.8685168027877808,256
142,P:9.9|P:9.6|B:9.0|B:9.7|B:10.10|E:10.7|E:11.10,1101100010011,"9.9,9.6,9.0,9.7,10.10,10.7,11.10",7,2,3,2,1,1,1,1,1,1,mean,end,3.480093002319336,1.5835975408554077,0.26869750022888184,0.7144626975059509,256
143,P:9.9|P:9.6|B:9.0|B:9.7|B:10.1|B:10.6|B:10.10|B:11.2|E:10.7,1101110111010,"9.9,9.6,9.0,9.7,10.1,10.6,10.10,11.2,10.7",9,2,6,1,1,1,1,1,1,1,mean,end,2.9038519859313965,1.3061103820800781,0.8449383974075317,0.7573327422142029,256
144,P:9.9|P:9.6|P:10.0|B:10.6|B:11.9,1110000100100,"9.9,9.6,10.0,10.6,11.9",5,3,2,0,1,1,0,1,0,0,mean,end,2.9244818687438965,1.2862437963485718,0.8243081569671631,0.7086768746376038,256
145,P:9.9|P:9.6|P:10.0|B:10.6|B:10.10|E:11.10,1110000110001,"9.9,9.6,10.0,10.6,10.10,11.10",6,3,2,1,1,1,1,1,1,1,mean,end,3.1110262870788574,1.5514602661132812,0.6377637386322021,0.8110153675079346,256
146,P:9.9|P:9.6|P:10.0|B:10.1|B:10.2,1110011000000,"9.9,9.6,10.0,10.1,10.2",5,3,2,0,1,1,0,1,0,0,mean,end,2.9466569423675537,1.3299556970596313,0.802133321762085,0.7467944622039795,256
147,P:9.9|P:9.6|P:10.0|B:9.7|B:10.2|B:10.10|B:11.2|B:11.9|E:11.10,1110101011101,"9.9,9.6,10.0,9.7,10.2,10.10,11.2,11.9,11.10",9,3,5,1,1,1,1,1,1,1,mean,end,2.5238068103790283,1.6661653518676758,1.2249834537506104,1.4485976696014404,256
148,P:9.9|P:9.6|P:10.0|B:9.7|B:10.2|B:10.10|B:11.2|B:11.9|E:10.7|E:11.10,1110101011111,"9.9,9.6,10.0,9.7,10.2,10.10,11.2,11.9,10.7,11.10",10,3,5,2,1,1,1,1,1,1,mean,end,2.1999285221099854,1.5237929821014404,1.5488617420196533,1.3136589527130127,256
149,P:9.9|P:9.6|P:10.0|B:9.7|B:10.1|B:10.6|E:11.10,1110110100001,"9.9,9.6,10.0,9.7,10.1,10.6,11.10",7,3,3,1,1,1,1,1,1,1,mean,end,3.170971632003784,1.565730333328247,0.5778186917304993,0.853784441947937,256
150,P:9.9|P:9.6|P:10.0|B:9.7|B:10.1|B:10.2|B:10.10|B:11.9|E:10.7|E:11.10,1110111010111,"9.9,9.6,10.0,9.7,10.1,10.2,10.10,11.9,10.7,11.10",10,3,5,2,1,1,1,1,1,1,mean,end,2.14566707611084,1.2926509380340576,1.6031233072280884,0.8187817335128784,256
151,P:9.9|P:9.6|P:10.0|B:9.7|B:10.1|B:10.2|B:10.6|B:11.9|E:10.7,1110111100110,"9.9,9.6,10.0,9.7,10.1,10.2,10.6,11.9,10.7",9,3,5,1,1,1,1,1,1,1,mean,end,2.071033477783203,1.0857089757919312,1.6777567863464355,0.8288132548332214,256
152,P:9.9|P:9.6|P:10.0|B:9.0|B:10.1|B:11.9,1111010000100,"9.9,9.6,10.0,9.0,10.1,11.9",6,3,3,0,1,1,0,1,0,0,mean,end,3.0951995849609375,1.4394478797912598,0.6535904407501221,0.794724702835083,256
153,P:9.9|P:9.6|P:10.0|B:9.0|B:10.1|B:10.2,1111011000000,"9.9,9.6,10.0,9.0,10.1,10.2",6,3,3,0,1,1,0,1,0,0,mean,end,2.9362258911132812,1.3397835493087769,0.812564492225647,0.760664165019989,256
154,P:9.9|P:9.6|P:10.0|B:9.0|B:10.1|B:10.2|B:10.6|B:10.10|E:10.7,1111011110010,"9.9,9.6,10.0,9.0,10.1,10.2,10.6,10.10,10.7",9,3,5,1,1,1,1,1,1,1,mean,end,2.242115020751953,1.2126071453094482,1.506675124168396,0.7354210615158081,256
155,P:9.9|P:9.6|P:10.0|B:9.0|B:9.7|B:10.2|B:10.10|B:11.2|B:11.9|E:11.10,1111101011101,"9.9,9.6,10.0,9.0,9.7,10.2,10.10,11.2,11.9,11.10",10,3,6,1,1,1,1,1,1,1,mean,end,2.492276191711426,1.692215919494629,1.2565139532089233,1.4910320043563843,256
156,P:9.9|P:9.6|P:10.0|B:9.0|B:9.7|B:10.2|B:10.6|B:11.2|B:11.9|E:10.7,1111101101110,"9.9,9.6,10.0,9.0,9.7,10.2,10.6,11.2,11.9,10.7",10,3,6,1,1,1,1,1,1,1,mean,end,2.001081943511963,1.3258854150772095,1.7477083206176758,1.3243005275726318,256
157,P:9.9|P:9.6|P:10.0|B:9.0|B:9.7|B:10.1|E:11.10,1111110000001,"9.9,9.6,10.0,9.0,9.7,10.1,11.10",7,3,3,1,1,1,1,1,1,1,mean,end,3.542858123779297,1.7953208684921265,0.20593219995498657,1.078246831893921,256
158,P:9.9|P:9.6|P:10.0|B:9.0|B:9.7|B:10.1|B:10.2|B:11.2|B:11.9|E:10.7|E:11.10,1111111001111,"9.9,9.6,10.0,9.0,9.7,10.1,10.2,11.2,11.9,10.7,11.10",11,3,6,2,1,1,1,1,1,1,mean,end,2.500089168548584,1.734131932258606,1.2487009763717651,1.4342552423477173,256
159,P:9.9|P:9.6|P:10.0|B:9.0|B:9.7|B:10.1|B:10.2|B:10.6|B:11.9|E:10.7|E:11.10,1111111100111,"9.9,9.6,10.0,9.0,9.7,10.1,10.2,10.6,11.9,10.7,11.10",11,3,6,2,1,1,1,1,1,1,mean,end,2.2130324840545654,1.3549178838729858,1.5357576608657837,0.9509019255638123,256
