subset_idx,subset_name,mask_bits,heads,n_heads,n_P,n_B,n_E,has_P,has_B,has_E,P_B,P_E,B_E,P_B_count,P_E_count,B_E_count,high_primary,full_primary,ablation,position_mode,logit_diff_mean,logit_diff_std,drop_from_clean_mean,drop_from_clean_std,n_prompts
0,clean,0000000000000,,0,0,0,0,0,0,0,0,0,0,0.0,0.0,0.0,0,0,mean,end,3.7487902641296387,1.191861629486084,0.0,0.0,256
1,P:9.9,1000000000000,9.9,1,1,0,0,1,0,0,0,0,0,0.0,0.0,0.0,0,0,mean,end,3.555208444595337,1.2755370140075684,0.1935817301273346,0.4182373583316803,256
2,P:9.6,0100000000000,9.6,1,1,0,0,1,0,0,0,0,0,0.0,0.0,0.0,0,0,mean,end,3.9064249992370605,1.3394423723220825,-0.1576346457004547,0.31305789947509766,256
3,P:10.0,0010000000000,10.0,1,1,0,0,1,0,0,0,0,0,0.0,0.0,0.0,0,0,mean,end,3.31960391998291,1.1437557935714722,0.42918622493743896,0.4486764371395111,256
4,B:9.0,0001000000000,9.0,1,0,1,0,0,1,0,0,0,0,0.0,0.0,0.0,0,0,mean,end,3.7453036308288574,1.197400689125061,0.0034867338836193085,0.055598095059394836,256
5,B:9.7,0000100000000,9.7,1,0,1,0,0,1,0,0,0,0,0.0,0.0,0.0,0,0,mean,end,3.568213939666748,1.1208621263504028,0.18057629466056824,0.22362366318702698,256
6,B:10.1,0000010000000,10.1,1,0,1,0,0,1,0,0,0,0,0.0,0.0,0.0,0,0,mean,end,3.635946750640869,1.207819938659668,0.11284342408180237,0.21604610979557037,256
7,B:10.2,0000001000000,10.2,1,0,1,0,0,1,0,0,0,0,0.0,0.0,0.0,0,0,mean,end,3.7027130126953125,1.1476320028305054,0.04607735201716423,0.2969113290309906,256
8,B:10.6,0000000100000,10.6,1,0,1,0,0,1,0,0,0,0,0.0,0.0,0.0,0,0,mean,end,3.5430049896240234,1.182987928390503,0.20578551292419434,0.41660076379776,256
9,B:10.10,0000000010000,10.10,1,0,1,0,0,1,0,0,0,0,0.0,0.0,0.0,0,0,mean,end,3.6209020614624023,1.1556810140609741,0.1278882920742035,0.19546018540859222,256
10,B:11.2,0000000001000,11.2,1,0,1,0,0,1,0,0,0,0,0.0,0.0,0.0,0,0,mean,end,4.052509784698486,1.313907504081726,-0.3037194311618805,0.43450766801834106,256
11,B:11.9,0000000000100,11.9,1,0,1,0,0,1,0,0,0,0,0.0,0.0,0.0,0,0,mean,end,3.7045748233795166,1.169108271598816,0.04421548917889595,0.12209493666887283,256
12,E:10.7,0000000000010,10.7,1,0,0,1,0,0,1,0,0,0,0.0,0.0,0.0,0,0,mean,end,4.780572891235352,1.6302076578140259,-1.0317823886871338,0.6534280776977539,256
13,E:11.10,0000000000001,11.10,1,0,0,1,0,0,1,0,0,0,0.0,0.0,0.0,0,0,mean,end,4.478853225708008,1.5512096881866455,-0.7300628423690796,0.5254141092300415,256
14,E:10.7|E:11.10,0000000000011,"10.7,11.10",2,0,0,2,0,0,1,0,0,0,0.0,0.0,0.0,0,0,mean,end,5.898861885070801,2.020946502685547,-2.1500720977783203,1.0898935794830322,256
15,B:9.0|B:9.7|B:10.1|B:10.2|B:10.6|B:10.10|B:11.2|B:11.9,0001111111100,"9.0,9.7,10.1,10.2,10.6,10.10,11.2,11.9",8,0,8,0,0,1,0,0,0,0,0.0,0.0,0.0,0,0,mean,end,3.3985533714294434,1.1379331350326538,0.35023677349090576,0.6865667700767517,256
16,B:9.0|B:9.7|B:10.1|B:10.2|B:10.6|B:10.10|B:11.2|B:11.9|E:10.7|E:11.10,0001111111111,"9.0,9.7,10.1,10.2,10.6,10.10,11.2,11.9,10.7,11.10",10,0,8,2,0,1,1,0,0,1,0.0,0.0,1.0,0,0,mean,end,5.128233909606934,1.6940096616744995,-1.3794432878494263,0.9450730085372925,256
17,P:9.9|P:9.6|P:10.0,1110000000000,"9.9,9.6,10.0",3,3,0,0,1,0,0,0,0,0,0.0,0.0,0.0,1,1,mean,end,3.285790205001831,1.4472163915634155,0.46299999952316284,0.7461273074150085,256
18,P:9.9|P:9.6|P:10.0|E:10.7|E:11.10,1110000000011,"9.9,9.6,10.0,10.7,11.10",5,3,0,2,1,0,1,0,1,0,0.0,1.0,0.0,1,1,mean,end,3.587552070617676,1.7844027280807495,0.16123810410499573,0.9818617105484009,256
19,P:9.9|P:9.6|P:10.0|B:9.0|B:9.7|B:10.1|B:10.2|B:10.6|B:10.10|B:11.2|B:11.9,1111111111100,"9.9,9.6,10.0,9.0,9.7,10.1,10.2,10.6,10.10,11.2,11.9",11,3,8,0,1,1,0,1,0,0,1.0,0.0,0.0,1,1,mean,end,1.8802671432495117,1.4793189764022827,1.8685232400894165,1.4637701511383057,256
20,P:9.9|P:9.6|P:10.0|B:9.0|B:9.7|B:10.1|B:10.2|B:10.6|B:10.10|B:11.2|B:11.9|E:10.7|E:11.10,1111111111111,"9.9,9.6,10.0,9.0,9.7,10.1,10.2,10.6,10.10,11.2,11.9,10.7,11.10",13,3,8,2,1,1,1,1,1,1,1.0,1.0,1.0,1,1,mean,end,1.422010898590088,1.3235142230987549,2.326779365539551,1.295496940612793,256
21,B:11.9|E:10.7|E:11.10,0000000000111,"11.9,10.7,11.10",3,0,1,2,0,1,1,0,0,1,0.0,0.0,0.125,0,0,mean,end,5.841303825378418,1.977856993675232,-2.092513084411621,1.0448068380355835,256
22,B:11.2|B:11.9|E:11.10,0000000001101,"11.2,11.9,11.10",3,0,2,1,0,1,1,0,0,1,0.0,0.0,0.125,0,0,mean,end,4.744638442993164,1.6232603788375854,-0.9958480000495911,0.6711145639419556,256
23,B:10.6|E:10.7,0000000100010,"10.6,10.7",2,0,1,1,0,1,1,0,0,1,0.0,0.0,0.0625,0,0,mean,end,4.571455001831055,1.5876061916351318,-0.8226649761199951,0.7106549739837646,256
24,B:10.6|E:10.7|E:11.10,0000000100011,"10.6,10.7,11.10",3,0,1,2,0,1,1,0,0,1,0.0,0.0,0.125,0,0,mean,end,5.658689498901367,1.9910740852355957,-1.9098994731903076,1.1293303966522217,256
25,B:10.2|E:11.10,0000001000001,"10.2,11.10",2,0,1,1,0,1,1,0,0,1,0.0,0.0,0.0625,0,0,mean,end,4.404036521911621,1.4832148551940918,-0.6552459001541138,0.5395587682723999,256
26,B:10.2|E:10.7,0000001000010,"10.2,10.7",2,0,1,1,0,1,1,0,0,1,0.0,0.0,0.0625,0,0,mean,end,4.7382307052612305,1.5508666038513184,-0.9894405007362366,0.6067328453063965,256
27,B:10.2|B:11.9|E:10.7|E:11.10,0000001000111,"10.2,11.9,10.7,11.10",4,0,2,2,0,1,1,0,0,1,0.0,0.0,0.25,0,0,mean,end,5.801486968994141,1.905263900756836,-2.05269718170166,1.0000977516174316,256
28,B:10.1|B:10.2|B:10.10,0000011010000,"10.1,10.2,10.10",3,0,3,0,0,1,0,0,0,0,0.0,0.0,0.0,0,0,mean,end,3.485299587249756,1.1299620866775513,0.2634904980659485,0.36892271041870117,256
29,B:9.7|B:11.2|E:10.7|E:11.10,0000100001011,"9.7,11.2,10.7,11.10",4,0,2,2,0,1,1,0,0,1,0.0,0.0,0.25,0,0,mean,end,5.90675163269043,2.0270276069641113,-2.15796160697937,1.1911207437515259,256
30,B:9.7|B:10.10|B:11.2|E:10.7,0000100011010,"9.7,10.10,11.2,10.7",4,0,3,1,0,1,1,0,0,1,0.0,0.0,0.1875,0,0,mean,end,4.635397434234619,1.582600474357605,-0.8866070508956909,0.8048076629638672,256
31,B:9.7|B:10.6|B:10.10|B:11.2|E:11.10,0000100111001,"9.7,10.6,10.10,11.2,11.10",5,0,4,1,0,1,1,0,0,1,0.0,0.0,0.25,0,0,mean,end,3.9863851070404053,1.4401254653930664,-0.23759472370147705,0.7338528633117676,256
32,B:9.7|B:10.2|B:10.10|E:10.7,0000101010010,"9.7,10.2,10.10,10.7",4,0,3,1,0,1,1,0,0,1,0.0,0.0,0.1875,0,0,mean,end,4.368699073791504,1.4009974002838135,-0.6199086904525757,0.5576305389404297,256
33,B:9.7|B:10.1|B:10.6|B:10.10|B:11.2|E:10.7|E:11.10,0000110111011,"9.7,10.1,10.6,10.10,11.2,10.7,11.10",7,0,5,2,0,1,1,0,0,1,0.0,0.0,0.625,0,0,mean,end,5.222265243530273,1.8719197511672974,-1.4734752178192139,1.1079775094985962,256
34,B:9.7|B:10.1|B:10.2|B:10.10|B:11.9|E:10.7,0000111010110,"9.7,10.1,10.2,10.10,11.9,10.7",6,0,5,1,0,1,1,0,0,1,0.0,0.0,0.3125,0,0,mean,end,4.201525688171387,1.3545597791671753,-0.4527350068092346,0.5361649394035339,256
35,B:9.0|B:11.9,0001000000100,"9.0,11.9",2,0,2,0,0,1,0,0,0,0,0.0,0.0,0.0,0,0,mean,end,3.7003324031829834,1.1739296913146973,0.04845794662833214,0.13433118164539337,256
36,B:9.0|B:10.6|B:11.9,0001000100100,"9.0,10.6,11.9",3,0,3,0,0,1,0,0,0,0,0.0,0.0,0.0,0,0,mean,end,3.4852371215820312,1.167007565498352,0.2635531723499298,0.45830315351486206,256
37,B:9.0|B:10.2|E:10.7|E:11.10,0001001000011,"9.0,10.2,10.7,11.10",4,0,2,2,0,1,1,0,0,1,0.0,0.0,0.25,0,0,mean,end,5.841701984405518,1.9313130378723145,-2.092911720275879,1.0152878761291504,256
38,B:9.0|B:10.2|B:10.10|B:11.2|B:11.9,0001001011100,"9.0,10.2,10.10,11.2,11.9",5,0,5,0,0,1,0,0,0,0,0.0,0.0,0.0,0,0,mean,end,3.8726725578308105,1.214727520942688,-0.12388212978839874,0.571205198764801,256
39,B:9.0|B:10.1|B:10.10|B:11.2|E:10.7|E:11.10,0001010011011,"9.0,10.1,10.10,11.2,10.7,11.10",6,0,4,2,0,1,1,0,0,1,0.0,0.0,0.5,0,0,mean,end,5.6512346267700195,1.9953854084014893,-1.9024443626403809,1.1403088569641113,256
40,B:9.0|B:10.1|B:10.6|B:10.10,0001010110000,"9.0,10.1,10.6,10.10",4,0,4,0,0,1,0,0,0,0,0.0,0.0,0.0,0,0,mean,end,3.3138208389282227,1.1564167737960815,0.43496930599212646,0.438568651676178,256
41,B:9.0|B:9.7|B:11.2|B:11.9|E:10.7|E:11.10,0001100001111,"9.0,9.7,11.2,11.9,10.7,11.10",6,0,4,2,0,1,1,0,0,1,0.0,0.0,0.5,0,0,mean,end,5.8419084548950195,1.985375165939331,-2.093118190765381,1.1564487218856812,256
42,B:9.0|B:9.7|B:10.10|B:11.2|B:11.9|E:11.10,0001100011101,"9.0,9.7,10.10,11.2,11.9,11.10",6,0,5,1,0,1,1,0,0,1,0.0,0.0,0.3125,0,0,mean,end,4.212590217590332,1.4932465553283691,-0.46380022168159485,0.7291213274002075,256
43,B:9.0|B:9.7|B:10.6|B:10.10|B:11.2|B:11.9,0001100111100,"9.0,9.7,10.6,10.10,11.2,11.9",6,0,6,0,0,1,0,0,0,0,0.0,0.0,0.0,0,0,mean,end,3.49454927444458,1.163245677947998,0.25424104928970337,0.6353618502616882,256
44,B:9.0|B:9.7|B:10.1|B:10.10,0001110010000,"9.0,9.7,10.1,10.10",4,0,4,0,0,1,0,0,0,0,0.0,0.0,0.0,0,0,mean,end,3.3380861282348633,1.1301554441452026,0.4107043147087097,0.40084585547447205,256
45,B:9.0|B:9.7|B:10.1|B:10.6|B:10.10|B:11.2|B:11.9|E:10.7,0001110111110,"9.0,9.7,10.1,10.6,10.10,11.2,11.9,10.7",8,0,7,1,0,1,1,0,0,1,0.0,0.0,0.4375,0,0,mean,end,4.257242202758789,1.4559006690979004,-0.5084521770477295,0.7655906081199646,256
46,B:9.0|B:9.7|B:10.1|B:10.2|B:10.10|B:11.2|B:11.9|E:11.10,0001111011101,"9.0,9.7,10.1,10.2,10.10,11.2,11.9,11.10",8,0,7,1,0,1,1,0,0,1,0.0,0.0,0.4375,0,0,mean,end,3.979030132293701,1.3914979696273804,-0.23023967444896698,0.67855304479599,256
47,B:9.0|B:9.7|B:10.1|B:10.2|B:10.6|B:11.2,0001111101000,"9.0,9.7,10.1,10.2,10.6,11.2",6,0,6,0,0,1,0,0,0,0,0.0,0.0,0.0,0,0,mean,end,3.561209201812744,1.1663289070129395,0.18758106231689453,0.6139063239097595,256
48,B:9.0|B:9.7|B:10.1|B:10.2|B:10.6|B:10.10|B:11.9|E:10.7|E:11.10,0001111110111,"9.0,9.7,10.1,10.2,10.6,10.10,11.9,10.7,11.10",9,0,7,2,0,1,1,0,0,1,0.0,0.0,0.875,0,0,mean,end,4.841880798339844,1.641620397567749,-1.093090534210205,0.863622784614563,256
49,B:9.0|B:9.7|B:10.1|B:10.2|B:10.6|B:10.10|B:11.2|B:11.9|E:10.7,0001111111110,"9.0,9.7,10.1,10.2,10.6,10.10,11.2,11.9,10.7",9,0,8,1,0,1,1,0,0,1,0.0,0.0,0.5,0,0,mean,end,4.259636878967285,1.363175392150879,-0.5108466744422913,0.7087084650993347,256
50,P:10.0|E:10.7,0010000000010,"10.0,10.7",2,1,0,1,1,0,1,0,1,0,0.0,0.16666666666666666,0.0,0,0,mean,end,4.330049514770508,1.5427002906799316,-0.5812592506408691,0.7109742760658264,256
51,P:10.0|B:11.2|E:10.7,0010000001010,"10.0,11.2,10.7",3,1,1,1,1,1,1,1,1,1,0.041666666666666664,0.16666666666666666,0.0625,0,0,mean,end,4.455038547515869,1.6647404432296753,-0.7062482237815857,1.0235400199890137,256
52,P:10.0|B:10.2|E:10.7|E:11.10,0010001000011,"10.0,10.2,10.7,11.10",4,1,1,2,1,1,1,1,1,1,0.041666666666666664,0.3333333333333333,0.125,0,0,mean,end,5.349580764770508,1.8429498672485352,-1.6007909774780273,1.0146913528442383,256
53,P:10.0|B:10.2|B:11.9|E:11.10,0010001000101,"10.0,10.2,11.9,11.10",4,1,2,1,1,1,1,1,1,1,0.08333333333333333,0.16666666666666666,0.125,0,0,mean,end,3.814586639404297,1.3523203134536743,-0.06579641252756119,0.6006648540496826,256
54,P:10.0|B:10.1|E:11.10,0010010000001,"10.0,10.1,11.10",3,1,1,1,1,1,1,1,1,1,0.041666666666666664,0.16666666666666666,0.0625,0,0,mean,end,3.725510597229004,1.4730907678604126,0.02327965945005417,0.6635677218437195,256
55,P:10.0|B:9.0,0011000000000,"10.0,9.0",2,1,1,0,1,1,0,1,0,0,0.041666666666666664,0.0,0.0,0,0,mean,end,3.307816743850708,1.153624415397644,0.44097352027893066,0.46980005502700806,256
56,P:10.0|B:9.0|B:10.1|B:11.2|B:11.9|E:10.7,0011010001110,"10.0,9.0,10.1,11.2,11.9,10.7",6,1,4,1,1,1,1,1,1,1,0.16666666666666666,0.16666666666666666,0.25,0,0,mean,end,4.2405900955200195,1.6393159627914429,-0.4917997717857361,1.0478847026824951,256
57,P:10.0|B:9.0|B:10.1|B:10.2|E:10.7|E:11.10,0011011000011,"10.0,9.0,10.1,10.2,10.7,11.10",6,1,3,2,1,1,1,1,1,1,0.125,0.3333333333333333,0.375,0,0,mean,end,5.1426544189453125,1.8115997314453125,-1.3938639163970947,0.97063148021698,256
58,P:10.0|B:9.0|B:10.1|B:10.2|B:10.6|B:10.10|B:11.9,0011011110100,"10.0,9.0,10.1,10.2,10.6,10.10,11.9",7,1,6,0,1,1,0,1,0,0,0.25,0.0,0.0,0,0,mean,end,2.84843111038208,1.0149433612823486,0.9003593921661377,0.5869003534317017,256
59,P:10.0|B:9.0|B:9.7|B:10.1|B:10.6|B:11.9,0011110100100,"10.0,9.0,9.7,10.1,10.6,11.9",6,1,5,0,1,1,0,1,0,0,0.20833333333333331,0.0,0.0,0,0,mean,end,2.7861502170562744,0.9909845590591431,0.9626401662826538,0.569121241569519,256
60,P:10.0|B:9.0|B:9.7|B:10.1|B:10.2|B:10.6|B:11.2|B:11.9,0011111101100,"10.0,9.0,9.7,10.1,10.2,10.6,11.2,11.9",8,1,7,0,1,1,0,1,0,0,0.29166666666666663,0.0,0.0,0,0,mean,end,2.9444820880889893,1.1536595821380615,0.8043078780174255,0.9615855813026428,256
61,P:10.0|B:9.0|B:9.7|B:10.1|B:10.2|B:10.6|B:11.2|B:11.9|E:10.7|E:11.10,0011111101111,"10.0,9.0,9.7,10.1,10.2,10.6,11.2,11.9,10.7,11.10",10,1,7,2,1,1,1,1,1,1,0.29166666666666663,0.3333333333333333,0.875,0,0,mean,end,4.7861223220825195,1.6699942350387573,-1.0373320579528809,1.067618727684021,256
62,P:9.6|E:11.10,0100000000001,"9.6,11.10",2,1,0,1,1,0,1,0,1,0,0.0,0.16666666666666666,0.0,0,0,mean,end,4.717611789703369,1.7302334308624268,-0.96882164478302,0.7199854850769043,256
63,P:9.6|E:10.7|E:11.10,0100000000011,"9.6,10.7,11.10",3,1,0,2,1,0,1,0,1,0,0.0,0.3333333333333333,0.0,0,0,mean,end,5.736780643463135,2.1200435161590576,-1.9879906177520752,1.1931099891662598,256
64,P:9.6|B:10.2|E:10.7|E:11.10,0100001000011,"9.6,10.2,10.7,11.10",4,1,1,2,1,1,1,1,1,1,0.041666666666666664,0.3333333333333333,0.125,0,0,mean,end,5.6336164474487305,1.9767175912857056,-1.8848258256912231,1.0510817766189575,256
65,P:9.6|B:10.2|B:10.10|B:11.2|E:10.7|E:11.10,0100001011011,"9.6,10.2,10.10,11.2,10.7,11.10",6,1,3,2,1,1,1,1,1,1,0.125,0.3333333333333333,0.375,0,0,mean,end,5.563570022583008,1.9538757801055908,-1.8147797584533691,1.1061644554138184,256
66,P:9.6|B:10.1|B:10.2|B:11.9,0100011000100,"9.6,10.1,10.2,11.9",4,1,3,0,1,1,0,1,0,0,0.125,0.0,0.0,0,0,mean,end,3.656202793121338,1.234854817390442,0.09258739650249481,0.4200749397277832,256
67,P:9.6|B:9.7|B:10.2,0100101000000,"9.6,9.7,10.2",3,1,2,0,1,1,0,1,0,0,0.08333333333333333,0.0,0.0,0,0,mean,end,3.629314422607422,1.1702481508255005,0.1194758489727974,0.3836362361907959,256
68,P:9.6|B:9.7|B:10.1|B:10.10|B:11.2,0100110011000,"9.6,9.7,10.1,10.10,11.2",5,1,4,0,1,1,0,1,0,0,0.16666666666666666,0.0,0.0,0,0,mean,end,3.782022476196289,1.4825979471206665,-0.03323224559426308,0.8321882486343384,256
69,P:9.6|B:9.7|B:10.1|B:10.2|B:10.6|B:11.2|B:11.9|E:10.7|E:11.10,0100111101111,"9.6,9.7,10.1,10.2,10.6,11.2,11.9,10.7,11.10",9,1,6,2,1,1,1,1,1,1,0.25,0.3333333333333333,0.75,0,0,mean,end,5.180601119995117,1.8659472465515137,-1.4318113327026367,1.0851200819015503,256
70,P:9.6|B:9.0|B:10.1|B:10.2|B:11.9|E:10.7|E:11.10,0101011000111,"9.6,9.0,10.1,10.2,11.9,10.7,11.10",7,1,4,2,1,1,1,1,1,1,0.16666666666666666,0.3333333333333333,0.5,0,0,mean,end,5.374350547790527,1.916690468788147,-1.6255602836608887,0.9859510064125061,256
71,P:9.6|B:9.0|B:10.1|B:10.2|B:11.2|B:11.9|E:10.7|E:11.10,0101011001111,"9.6,9.0,10.1,10.2,11.2,11.9,10.7,11.10",8,1,5,2,1,1,1,1,1,1,0.20833333333333331,0.3333333333333333,0.625,0,0,mean,end,5.669646263122559,2.034355640411377,-1.920856237411499,1.1693748235702515,256
72,P:9.6|B:9.0|B:9.7|B:10.6|B:11.9,0101100100100,"9.6,9.0,9.7,10.6,11.9",5,1,4,0,1,1,0,1,0,0,0.16666666666666666,0.0,0.0,0,0,mean,end,3.4261655807495117,1.1907864809036255,0.3226247727870941,0.5088019967079163,256
73,P:9.6|B:9.0|B:9.7|B:10.1|B:10.2|B:10.6|B:10.10|B:11.9|E:10.7|E:11.10,0101111110111,"9.6,9.0,9.7,10.1,10.2,10.6,10.10,11.9,10.7,11.10",10,1,7,2,1,1,1,1,1,1,0.29166666666666663,0.3333333333333333,0.875,0,0,mean,end,4.494140625,1.6245603561401367,-0.7453505992889404,0.8339231014251709,256
74,P:9.6|B:9.0|B:9.7|B:10.1|B:10.2|B:10.6|B:10.10|B:11.2|B:11.9|E:11.10,0101111111101,"9.6,9.0,9.7,10.1,10.2,10.6,10.10,11.2,11.9,11.10",10,1,8,1,1,1,1,1,1,1,0.3333333333333333,0.16666666666666666,0.5,0,0,mean,end,3.7717819213867188,1.4364873170852661,-0.022991657257080078,0.802796483039856,256
75,P:9.6|P:10.0,0110000000000,"9.6,10.0",2,2,0,0,1,0,0,0,0,0,0.0,0.0,0.0,1,0,mean,end,3.4208669662475586,1.3169186115264893,0.32792341709136963,0.6167252659797668,256
76,P:9.6|P:10.0|E:11.10,0110000000001,"9.6,10.0,11.10",3,2,0,1,1,0,1,0,1,0,0.0,0.3333333333333333,0.0,1,0,mean,end,4.084661483764648,1.6704169511795044,-0.3358710706233978,0.8476197123527527,256
77,P:9.6|P:10.0|E:10.7|E:11.10,0110000000011,"9.6,10.0,10.7,11.10",4,2,0,2,1,0,1,0,1,0,0.0,0.6666666666666666,0.0,1,0,mean,end,5.129016876220703,2.0754504203796387,-1.3802263736724854,1.2752383947372437,256
78,P:9.6|P:10.0|B:11.9|E:10.7|E:11.10,0110000000111,"9.6,10.0,11.9,10.7,11.10",5,2,1,2,1,1,1,1,1,1,0.08333333333333333,0.6666666666666666,0.125,1,0,mean,end,5.07315731048584,2.0258004665374756,-1.324366807937622,1.2279702425003052,256
79,P:9.6|P:10.0|B:11.2|E:10.7|E:11.10,0110000001011,"9.6,10.0,11.2,10.7,11.10",5,2,1,2,1,1,1,1,1,1,0.08333333333333333,0.6666666666666666,0.125,1,0,mean,end,5.209665298461914,2.256150484085083,-1.4608745574951172,1.607121467590332,256
80,P:9.6|P:10.0|B:10.10,0110000010000,"9.6,10.0,10.10",3,2,1,0,1,1,0,1,0,0,0.08333333333333333,0.0,0.0,1,0,mean,end,3.3247809410095215,1.2995166778564453,0.4240095019340515,0.6327358484268188,256
81,P:9.6|P:10.0|B:10.10|E:10.7,0110000010010,"9.6,10.0,10.10,10.7",4,2,1,1,1,1,1,1,1,1,0.08333333333333333,0.3333333333333333,0.0625,1,0,mean,end,3.9858500957489014,1.5898882150650024,-0.23705962300300598,0.8540295958518982,256
82,P:9.6|P:10.0|B:10.6|E:11.10,0110000100001,"9.6,10.0,10.6,11.10",4,2,1,1,1,1,1,1,1,1,0.08333333333333333,0.3333333333333333,0.0625,1,0,mean,end,3.781186580657959,1.5192986726760864,-0.03239645063877106,0.7048880457878113,256
83,P:9.6|P:10.0|B:10.6|B:11.9,0110000100100,"9.6,10.0,10.6,11.9",4,2,2,0,1,1,0,1,0,0,0.16666666666666666,0.0,0.0,1,0,mean,end,3.1418051719665527,1.1554054021835327,0.6069852113723755,0.5289332866668701,256
84,P:9.6|P:10.0|B:10.6|B:10.10|E:10.7,0110000110010,"9.6,10.0,10.6,10.10,10.7",5,2,2,1,1,1,1,1,1,1,0.16666666666666666,0.3333333333333333,0.125,1,0,mean,end,3.7732839584350586,1.4303903579711914,-0.024493630975484848,0.6711411476135254,256
85,P:9.6|P:10.0|B:10.2|B:11.2|B:11.9,0110001001100,"9.6,10.0,10.2,11.2,11.9",5,2,3,0,1,1,0,1,0,0,0.25,0.0,0.0,1,0,mean,end,3.4292874336242676,1.5216705799102783,0.31950289011001587,1.1886615753173828,256
86,P:9.6|P:10.0|B:10.1|E:11.10,0110010000001,"9.6,10.0,10.1,11.10",4,2,1,1,1,1,1,1,1,1,0.08333333333333333,0.3333333333333333,0.0625,1,0,mean,end,3.8794965744018555,1.6725356578826904,-0.13070636987686157,0.8606159687042236,256
87,P:9.6|P:10.0|B:9.7|E:10.7|E:11.10,0110100000011,"9.6,10.0,9.7,10.7,11.10",5,2,1,2,1,1,1,1,1,1,0.08333333333333333,0.6666666666666666,0.125,1,0,mean,end,4.9074201583862305,2.0440962314605713,-1.1586298942565918,1.322893500328064,256
88,P:9.6|P:10.0|B:9.7|B:10.6|B:11.2|B:11.9|E:11.10,0110100101101,"9.6,10.0,9.7,10.6,11.2,11.9,11.10",7,2,4,1,1,1,1,1,1,1,0.3333333333333333,0.3333333333333333,0.25,1,0,mean,end,3.6287059783935547,1.650364637374878,0.1200842633843422,1.1749670505523682,256
89,P:9.6|P:10.0|B:9.7|B:10.2|E:11.10,0110101000001,"9.6,10.0,9.7,10.2,11.10",5,2,2,1,1,1,1,1,1,1,0.16666666666666666,0.3333333333333333,0.125,1,0,mean,end,3.745220184326172,1.4442200660705566,0.003570057451725006,0.7432574033737183,256
90,P:9.6|P:10.0|B:9.7|B:10.1|B:11.9,0110110000100,"9.6,10.0,9.7,10.1,11.9",5,2,3,0,1,1,0,1,0,0,0.25,0.0,0.0,1,0,mean,end,3.0860512256622314,1.2737574577331543,0.6627392768859863,0.7554103136062622,256
91,P:9.6|P:10.0|B:9.0|B:11.9,0111000000100,"9.6,10.0,9.0,11.9",4,2,2,0,1,1,0,1,0,0,0.16666666666666666,0.0,0.0,1,0,mean,end,3.3641245365142822,1.3046681880950928,0.38466572761535645,0.650783360004425,256
92,P:9.6|P:10.0|B:9.0|B:11.2|E:11.10,0111000001001,"9.6,10.0,9.0,11.2,11.10",5,2,2,1,1,1,1,1,1,1,0.16666666666666666,0.3333333333333333,0.125,1,0,mean,end,4.190060615539551,1.942872405052185,-0.4412704110145569,1.3550676107406616,256
93,P:9.6|P:10.0|B:9.0|B:10.6|B:10.10|B:11.9|E:11.10,0111000110101,"9.6,10.0,9.0,10.6,10.10,11.9,11.10",7,2,4,1,1,1,1,1,1,1,0.3333333333333333,0.3333333333333333,0.25,1,0,mean,end,3.379861831665039,1.3682574033737183,0.3689284026622772,0.6223391890525818,256
94,P:9.6|P:10.0|B:9.0|B:10.1|B:10.6|B:10.10|B:11.2|B:11.9|E:10.7|E:11.10,0111010111111,"9.6,10.0,9.0,10.1,10.6,10.10,11.2,11.9,10.7,11.10",10,2,6,2,1,1,1,1,1,1,0.5,0.6666666666666666,0.75,1,0,mean,end,4.246384620666504,1.9372329711914062,-0.49759411811828613,1.3992762565612793,256
95,P:9.6|P:10.0|B:9.0|B:9.7|E:10.7|E:11.10,0111100000011,"9.6,10.0,9.0,9.7,10.7,11.10",6,2,2,2,1,1,1,1,1,1,0.16666666666666666,0.6666666666666666,0.25,1,0,mean,end,4.884416580200195,2.058603525161743,-1.1356264352798462,1.3486602306365967,256
96,P:9.6|P:10.0|B:9.0|B:9.7|B:10.2|B:10.6|B:10.10|B:11.2,0111101111000,"9.6,10.0,9.0,9.7,10.2,10.6,10.10,11.2",8,2,6,0,1,1,0,1,0,0,0.5,0.0,0.0,1,0,mean,end,2.9074435234069824,1.3505619764328003,0.8413465023040771,1.1565059423446655,256
97,P:9.6|P:10.0|B:9.0|B:9.7|B:10.1|B:10.2|B:11.2|B:11.9|E:10.7,0111111001110,"9.6,10.0,9.0,9.7,10.1,10.2,11.2,11.9,10.7",9,2,6,1,1,1,1,1,1,1,0.5,0.3333333333333333,0.375,1,0,mean,end,3.7560970783233643,1.7253391742706299,-0.00730687752366066,1.3329802751541138,256
98,P:9.6|P:10.0|B:9.0|B:9.7|B:10.1|B:10.2|B:10.6|B:10.10|B:11.2|B:11.9,0111111111100,"9.6,10.0,9.0,9.7,10.1,10.2,10.6,10.10,11.2,11.9",10,2,8,0,1,1,0,1,0,0,0.6666666666666666,0.0,0.0,1,0,mean,end,2.739473342895508,1.390946626663208,1.0093169212341309,1.2332319021224976,256
99,P:9.6|P:10.0|B:9.0|B:9.7|B:10.1|B:10.2|B:10.6|B:10.10|B:11.2|B:11.9|E:11.10,0111111111101,"9.6,10.0,9.0,9.7,10.1,10.2,10.6,10.10,11.2,11.9,11.10",11,2,8,1,1,1,1,1,1,1,0.6666666666666666,0.3333333333333333,0.5,1,0,mean,end,2.8631415367126465,1.398624300956726,0.8856487274169922,1.1300956010818481,256
100,P:9.6|P:10.0|B:9.0|B:9.7|B:10.1|B:10.2|B:10.6|B:10.10|B:11.2|B:11.9|E:10.7|E:11.10,0111111111111,"9.6,10.0,9.0,9.7,10.1,10.2,10.6,10.10,11.2,11.9,10.7,11.10",12,2,8,2,1,1,1,1,1,1,0.6666666666666666,0.6666666666666666,1.0,1,0,mean,end,3.9619839191436768,1.7105190753936768,-0.2131936401128769,1.2673498392105103,256
101,P:9.9|E:10.7,1000000000010,"9.9,10.7",2,1,0,1,1,0,1,0,1,0,0.0,0.16666666666666666,0.0,0,0,mean,end,3.613044023513794,1.4035829305648804,0.13574618101119995,0.5881872177124023,256
102,P:9.9|E:10.7|E:11.10,1000000000011,"9.9,10.7,11.10",3,1,0,2,1,0,1,0,1,0,0.0,0.3333333333333333,0.0,0,0,mean,end,4.477797508239746,1.8795976638793945,-0.7290077209472656,1.0207798480987549,256
103,P:9.9|B:11.9,1000000000100,"9.9,11.9",2,1,1,0,1,1,0,1,0,0,0.041666666666666664,0.0,0.0,0,0,mean,end,3.4879708290100098,1.2545275688171387,0.26081952452659607,0.4614865481853485,256
104,P:9.9|B:11.9|E:10.7,1000000000110,"9.9,11.9,10.7",3,1,1,1,1,1,1,1,1,1,0.041666666666666664,0.16666666666666666,0.0625,0,0,mean,end,3.54744815826416,1.3753573894500732,0.20134234428405762,0.5999125838279724,256
105,P:9.9|B:11.9|E:10.7|E:11.10,1000000000111,"9.9,11.9,10.7,11.10",4,1,1,2,1,1,1,1,1,1,0.041666666666666664,0.3333333333333333,0.125,0,0,mean,end,4.419583320617676,1.8438061475753784,-0.670793354511261,0.9957249164581299,256
106,P:9.9|B:11.2,1000000001000,"9.9,11.2",2,1,1,0,1,1,0,1,0,0,0.041666666666666664,0.0,0.0,0,0,mean,end,3.8363454341888428,1.3503167629241943,-0.08755524456501007,0.5422696471214294,256
107,P:9.9|B:10.1|B:10.6|E:10.7,1000010100010,"9.9,10.1,10.6,10.7",4,1,2,1,1,1,1,1,1,1,0.08333333333333333,0.16666666666666666,0.125,0,0,mean,end,3.2449777126312256,1.4266679286956787,0.5038125514984131,0.8158569931983948,256
108,P:9.9|B:10.1|B:10.2|B:11.2|E:11.10,1000011001001,"9.9,10.1,10.2,11.2,11.10",5,1,3,1,1,1,1,1,1,1,0.125,0.16666666666666666,0.1875,0,0,mean,end,4.0723981857299805,1.6167449951171875,-0.32360804080963135,0.8369650840759277,256
109,P:9.9|B:10.1|B:10.2|B:10.6|B:10.10|B:11.2|E:11.10,1000011111001,"9.9,10.1,10.2,10.6,10.10,11.2,11.10",7,1,5,1,1,1,1,1,1,1,0.20833333333333331,0.16666666666666666,0.3125,0,0,mean,end,3.1505517959594727,1.4108811616897583,0.598238468170166,0.9108859300613403,256
110,P:9.9|B:9.7|B:10.10,1000100010000,"9.9,9.7,10.10",3,1,2,0,1,1,0,1,0,0,0.08333333333333333,0.0,0.0,0,0,mean,end,3.192064046859741,1.1459128856658936,0.5567262172698975,0.49759185314178467,256
111,P:9.9|B:9.7|B:10.6|E:10.7|E:11.10,1000100100011,"9.9,9.7,10.6,10.7,11.10",5,1,2,2,1,1,1,1,1,1,0.08333333333333333,0.3333333333333333,0.25,0,0,mean,end,3.906191110610962,1.7838801145553589,-0.15740074217319489,1.134162425994873,256
112,P:9.9|B:9.7|B:10.1|B:10.2|B:10.6|B:10.10|B:11.2|B:11.9|E:11.10,1000111111101,"9.9,9.7,10.1,10.2,10.6,10.10,11.2,11.9,11.10",9,1,7,1,1,1,1,1,1,1,0.29166666666666663,0.16666666666666666,0.4375,0,0,mean,end,2.8739094734191895,1.3337087631225586,0.8748807907104492,0.9732333421707153,256
113,P:9.9|B:9.0|B:9.7|B:11.2|B:11.9|E:10.7|E:11.10,1001100001111,"9.9,9.0,9.7,11.2,11.9,10.7,11.10",7,1,4,2,1,1,1,1,1,1,0.16666666666666666,0.3333333333333333,0.5,0,0,mean,end,4.416135311126709,1.7335865497589111,-0.6673449873924255,0.9276366233825684,256
114,P:9.9|B:9.0|B:9.7|B:10.10|B:11.9|E:10.7,1001100010110,"9.9,9.0,9.7,10.10,11.9,10.7",6,1,4,1,1,1,1,1,1,1,0.16666666666666666,0.16666666666666666,0.25,0,0,mean,end,3.127729892730713,1.1605546474456787,0.6210603713989258,0.5105522274971008,256
115,P:9.9|B:9.0|B:9.7|B:10.1|B:10.2|B:10.10|B:11.2|B:11.9,1001111011100,"9.9,9.0,9.7,10.1,10.2,10.10,11.2,11.9",8,1,7,0,1,1,0,1,0,0,0.29166666666666663,0.0,0.0,0,0,mean,end,3.071864128112793,1.1902238130569458,0.6769261360168457,0.7997461557388306,256
116,P:9.9|P:10.0,1010000000000,"9.9,10.0",2,2,0,0,1,0,0,0,0,0,0.0,0.0,0.0,1,0,mean,end,3.106578826904297,1.2372335195541382,0.6422114372253418,0.6230120658874512,256
117,P:9.9|P:10.0|E:11.10,1010000000001,"9.9,10.0,11.10",3,2,0,1,1,0,1,0,1,0,0.0,0.3333333333333333,0.0,1,0,mean,end,3.7196731567382812,1.607163667678833,0.02911713346838951,0.8508871793746948,256
118,P:9.9|P:10.0|E:10.7|E:11.10,1010000000011,"9.9,10.0,10.7,11.10",4,2,0,2,1,0,1,0,1,0,0.0,0.6666666666666666,0.0,1,0,mean,end,3.8597171306610107,1.7404026985168457,-0.11092682182788849,0.9750328660011292,256
119,P:9.9|P:10.0|B:11.9|E:11.10,1010000000101,"9.9,10.0,11.9,11.10",4,2,1,1,1,1,1,1,1,1,0.08333333333333333,0.3333333333333333,0.0625,1,0,mean,end,3.6536478996276855,1.5736799240112305,0.09514226019382477,0.8418003916740417,256
120,P:9.9|P:10.0|B:10.10,1010000010000,"9.9,10.0,10.10",3,2,1,0,1,1,0,1,0,0,0.08333333333333333,0.0,0.0,1,0,mean,end,3.004978895187378,1.2510780096054077,0.7438114881515503,0.6737146377563477,256
121,P:9.9|P:10.0|B:10.6,1010000100000,"9.9,10.0,10.6",3,2,1,0,1,1,0,1,0,0,0.08333333333333333,0.0,0.0,1,0,mean,end,2.8719592094421387,1.1619261503219604,0.8768309354782104,0.6418673396110535,256
122,P:9.9|P:10.0|B:10.6|E:11.10,1010000100001,"9.9,10.0,10.6,11.10",4,2,1,1,1,1,1,1,1,1,0.08333333333333333,0.3333333333333333,0.0625,1,0,mean,end,3.3858492374420166,1.5069060325622559,0.3629409670829773,0.8345810174942017,256
123,P:9.9|P:10.0|B:10.1|B:11.2|E:10.7,1010010001010,"9.9,10.0,10.1,11.2,10.7",5,2,2,1,1,1,1,1,1,1,0.16666666666666666,0.3333333333333333,0.125,1,0,mean,end,3.0367064476013184,1.4086860418319702,0.7120838761329651,0.985752284526825,256
124,P:9.9|P:10.0|B:10.1|B:10.10|B:11.9,1010010010100,"9.9,10.0,10.1,10.10,11.9",5,2,3,0,1,1,0,1,0,0,0.25,0.0,0.0,1,0,mean,end,2.8442373275756836,1.2532161474227905,0.9045530557632446,0.7186856269836426,256
125,P:9.9|P:10.0|B:10.1|B:10.6|B:11.2|B:11.9,1010010101100,"9.9,10.0,10.1,10.6,11.2,11.9",6,2,4,0,1,1,0,1,0,0,0.3333333333333333,0.0,0.0,1,0,mean,end,2.6288323402404785,1.2877568006515503,1.1199581623077393,1.072993278503418,256
126,P:9.9|P:10.0|B:10.1|B:10.2|E:10.7,1010011000010,"9.9,10.0,10.1,10.2,10.7",5,2,2,1,1,1,1,1,1,1,0.16666666666666666,0.3333333333333333,0.125,1,0,mean,end,2.841442108154297,1.2514684200286865,0.9073482751846313,0.7538492679595947,256
127,P:9.9|P:10.0|B:9.7|E:11.10,1010100000001,"9.9,10.0,9.7,11.10",4,2,1,1,1,1,1,1,1,1,0.08333333333333333,0.3333333333333333,0.0625,1,0,mean,end,3.5053834915161133,1.5217996835708618,0.24340659379959106,0.8709965944290161,256
128,P:9.9|P:10.0|B:9.7|B:10.6,1010100100000,"9.9,10.0,9.7,10.6",4,2,2,0,1,1,0,1,0,0,0.16666666666666666,0.0,0.0,1,0,mean,end,2.6873767375946045,1.0655865669250488,1.0614135265350342,0.6653052568435669,256
129,P:9.9|P:10.0|B:9.7|B:10.2|B:10.6|E:10.7|E:11.10,1010101100011,"9.9,10.0,9.7,10.2,10.6,10.7,11.10",7,2,3,2,1,1,1,1,1,1,0.25,0.6666666666666666,0.375,1,0,mean,end,2.985894203186035,1.5617188215255737,0.7628960013389587,1.1360599994659424,256
130,P:9.9|P:10.0|B:9.7|B:10.2|B:10.6|B:11.2|E:10.7,1010101101010,"9.9,10.0,9.7,10.2,10.6,11.2,10.7",7,2,4,1,1,1,1,1,1,1,0.3333333333333333,0.3333333333333333,0.25,1,0,mean,end,2.5088398456573486,1.2096858024597168,1.2399506568908691,1.1041784286499023,256
131,P:9.9|P:10.0|B:9.7|B:10.1|B:11.9|E:10.7|E:11.10,1010110000111,"9.9,10.0,9.7,10.1,11.9,10.7,11.10",7,2,3,2,1,1,1,1,1,1,0.25,0.6666666666666666,0.375,1,0,mean,end,3.3487539291381836,1.5537647008895874,0.4000363349914551,0.8600356578826904,256
132,P:9.9|P:10.0|B:9.7|B:10.1|B:10.2|B:11.2|E:11.10,1010111001001,"9.9,10.0,9.7,10.1,10.2,11.2,11.10",7,2,4,1,1,1,1,1,1,1,0.3333333333333333,0.3333333333333333,0.25,1,0,mean,end,2.9597511291503906,1.5291446447372437,0.789038896560669,1.2031071186065674,256
133,P:9.9|P:10.0|B:9.7|B:10.1|B:10.2|B:10.6|B:10.10|B:11.2|E:11.10,1010111111001,"9.9,10.0,9.7,10.1,10.2,10.6,10.10,11.2,11.10",9,2,6,1,1,1,1,1,1,1,0.5,0.3333333333333333,0.375,1,0,mean,end,2.022768497467041,1.185361385345459,1.7260217666625977,1.115103840827942,256
134,P:9.9|P:10.0|B:9.0|B:10.6|B:11.9|E:11.10,1011000100101,"9.9,10.0,9.0,10.6,11.9,11.10",6,2,3,1,1,1,1,1,1,1,0.25,0.3333333333333333,0.1875,1,0,mean,end,3.3101391792297363,1.4928007125854492,0.43865132331848145,0.8646905422210693,256
135,P:9.9|P:10.0|B:9.0|B:10.6|B:11.9|E:10.7|E:11.10,1011000100111,"9.9,10.0,9.0,10.6,11.9,10.7,11.10",7,2,3,2,1,1,1,1,1,1,0.25,0.6666666666666666,0.375,1,0,mean,end,3.4307823181152344,1.678618311882019,0.3180081844329834,1.065648078918457,256
136,P:9.9|P:10.0|B:9.0|B:10.1,1011010000000,"9.9,10.0,9.0,10.1",4,2,2,0,1,1,0,1,0,0,0.16666666666666666,0.0,0.0,1,0,mean,end,3.0142323970794678,1.2634814977645874,0.7345577478408813,0.6404979825019836,256
137,P:9.9|P:10.0|B:9.0|B:10.1|B:10.2|B:11.2,1011011001000,"9.9,10.0,9.0,10.1,10.2,11.2",6,2,4,0,1,1,0,1,0,0,0.3333333333333333,0.0,0.0,1,0,mean,end,2.780482292175293,1.402414321899414,0.9683080911636353,1.184652328491211,256
138,P:9.9|P:10.0|B:9.0|B:10.1|B:10.2|B:10.10|B:11.2|B:11.9|E:10.7|E:11.10,1011011011111,"9.9,10.0,9.0,10.1,10.2,10.10,11.2,11.9,10.7,11.10",10,2,6,2,1,1,1,1,1,1,0.5,0.6666666666666666,0.75,1,0,mean,end,2.6648435592651367,1.5008901357650757,1.083946704864502,1.2006096839904785,256
139,P:9.9|P:10.0|B:9.0|B:10.1|B:10.2|B:10.6|B:10.10|B:11.2,1011011111000,"9.9,10.0,9.0,10.1,10.2,10.6,10.10,11.2",8,2,6,0,1,1,0,1,0,0,0.5,0.0,0.0,1,0,mean,end,2.2703723907470703,1.23124098777771,1.4784178733825684,1.1376856565475464,256
140,P:9.9|P:10.0|B:9.0|B:9.7|B:10.1|B:10.2|B:10.10|B:11.2|B:11.9|E:10.7|E:11.10,1011111011111,"9.9,10.0,9.0,9.7,10.1,10.2,10.10,11.2,11.9,10.7,11.10",11,2,7,2,1,1,1,1,1,1,0.5833333333333333,0.6666666666666666,0.875,1,0,mean,end,2.4525604248046875,1.4339139461517334,1.2962298393249512,1.2026805877685547,256
141,P:9.9|P:10.0|B:9.0|B:9.7|B:10.1|B:10.2|B:10.6|B:11.2|B:11.9|E:11.10,1011111101101,"9.9,10.0,9.0,9.7,10.1,10.2,10.6,11.2,11.9,11.10",10,2,7,1,1,1,1,1,1,1,0.5833333333333333,0.3333333333333333,0.4375,1,0,mean,end,2.4664950370788574,1.3396005630493164,1.2822951078414917,1.1869317293167114,256
142,P:9.9|P:10.0|B:9.0|B:9.7|B:10.1|B:10.2|B:10.6|B:10.10|B:11.2|B:11.9,1011111111100,"9.9,10.0,9.0,9.7,10.1,10.2,10.6,10.10,11.2,11.9",10,2,8,0,1,1,0,1,0,0,0.6666666666666666,0.0,0.0,1,0,mean,end,2.0059282779693604,1.2276339530944824,1.7428619861602783,1.2644566297531128,256
143,P:9.9|P:10.0|B:9.0|B:9.7|B:10.1|B:10.2|B:10.6|B:10.10|B:11.2|B:11.9|E:11.10,1011111111101,"9.9,10.0,9.0,9.7,10.1,10.2,10.6,10.10,11.2,11.9,11.10",11,2,8,1,1,1,1,1,1,1,0.6666666666666666,0.3333333333333333,0.5,1,0,mean,end,1.893404245376587,1.219205379486084,1.8553861379623413,1.2282649278640747,256
144,P:9.9|P:9.6,1100000000000,"9.9,9.6",2,2,0,0,1,0,0,0,0,0,0.0,0.0,0.0,1,0,mean,end,3.77374005317688,1.4557875394821167,-0.024949822574853897,0.5033524632453918,256
145,P:9.9|P:9.6|E:11.10,1100000000001,"9.9,9.6,11.10",3,2,0,1,1,0,1,0,1,0,0.0,0.3333333333333333,0.0,1,0,mean,end,4.6553120613098145,1.9111124277114868,-0.9065217971801758,0.9342280626296997,256
146,P:9.9|P:9.6|B:11.2,1100000001000,"9.9,9.6,11.2",3,2,1,0,1,1,0,1,0,0,0.08333333333333333,0.0,0.0,1,0,mean,end,4.054740905761719,1.5794306993484497,-0.3059505820274353,0.7216535806655884,256
147,P:9.9|P:9.6|B:11.2|E:10.7|E:11.10,1100000001011,"9.9,9.6,11.2,10.7,11.10",5,2,1,2,1,1,1,1,1,1,0.08333333333333333,0.6666666666666666,0.125,1,0,mean,end,4.549825668334961,1.9613267183303833,-0.8010351657867432,1.05079185962677,256
148,P:9.9|P:9.6|B:10.10|E:11.10,1100000010001,"9.9,9.6,10.10,11.10",4,2,1,1,1,1,1,1,1,1,0.08333333333333333,0.3333333333333333,0.0625,1,0,mean,end,4.099057197570801,1.754507303237915,-0.35026708245277405,0.8199478983879089,256
149,P:9.9|P:9.6|B:10.10|E:10.7,1100000010010,"9.9,9.6,10.10,10.7",4,2,1,1,1,1,1,1,1,1,0.08333333333333333,0.3333333333333333,0.0625,1,0,mean,end,3.2781829833984375,1.333594560623169,0.47060734033584595,0.4887850284576416,256
150,P:9.9|P:9.6|B:10.10|E:10.7|E:11.10,1100000010011,"9.9,9.6,10.10,10.7,11.10",5,2,1,2,1,1,1,1,1,1,0.08333333333333333,0.6666666666666666,0.125,1,0,mean,end,3.7414114475250244,1.6940734386444092,0.007378906011581421,0.7655153274536133,256
151,P:9.9|P:9.6|B:10.6,1100000100000,"9.9,9.6,10.6",3,2,1,0,1,1,0,1,0,0,0.08333333333333333,0.0,0.0,1,0,mean,end,3.4726977348327637,1.4026235342025757,0.2760924994945526,0.6451034545898438,256
152,P:9.9|P:9.6|B:10.6|E:10.7|E:11.10,1100000100011,"9.9,9.6,10.6,10.7,11.10",5,2,1,2,1,1,1,1,1,1,0.08333333333333333,0.6666666666666666,0.125,1,0,mean,end,3.902194023132324,1.864534854888916,-0.15340392291545868,1.080872893333435,256
153,P:9.9|P:9.6|B:10.2,1100001000000,"9.9,9.6,10.2",3,2,1,0,1,1,0,1,0,0,0.08333333333333333,0.0,0.0,1,0,mean,end,3.476325035095215,1.3295671939849854,0.2724652886390686,0.5989665985107422,256
154,P:9.9|P:9.6|B:10.2|E:10.7|E:11.10,1100001000011,"9.9,9.6,10.2,10.7,11.10",5,2,1,2,1,1,1,1,1,1,0.08333333333333333,0.6666666666666666,0.125,1,0,mean,end,3.8749876022338867,1.7816284894943237,-0.12619714438915253,1.01231050491333,256
155,P:9.9|P:9.6|B:10.2|B:10.6|B:10.10|B:11.2|E:10.7,1100001111010,"9.9,9.6,10.2,10.6,10.10,11.2,10.7",7,2,4,1,1,1,1,1,1,1,0.3333333333333333,0.3333333333333333,0.25,1,0,mean,end,2.967695474624634,1.2816323041915894,0.7810946702957153,0.8265146613121033,256
156,P:9.9|P:9.6|B:10.1,1100010000000,"9.9,9.6,10.1",3,2,1,0,1,1,0,1,0,0,0.08333333333333333,0.0,0.0,1,0,mean,end,3.666100025177002,1.4593634605407715,0.08269025385379791,0.5159558057785034,256
157,P:9.9|P:9.6|B:10.1|E:10.7,1100010000010,"9.9,9.6,10.1,10.7",4,2,1,1,1,1,1,1,1,1,0.08333333333333333,0.3333333333333333,0.0625,1,0,mean,end,3.371102809906006,1.4079327583312988,0.37768739461898804,0.501729428768158,256
158,P:9.9|P:9.6|B:10.1|E:10.7|E:11.10,1100010000011,"9.9,9.6,10.1,10.7,11.10",5,2,1,2,1,1,1,1,1,1,0.08333333333333333,0.6666666666666666,0.125,1,0,mean,end,4.074627876281738,1.885968565940857,-0.3258376121520996,0.9436315298080444,256
159,P:9.9|P:9.6|B:10.1|B:10.10|B:11.2,1100010011000,"9.9,9.6,10.1,10.10,11.2",5,2,3,0,1,1,0,1,0,0,0.25,0.0,0.0,1,0,mean,end,3.7195370197296143,1.5523810386657715,0.029253222048282623,0.7976067662239075,256
160,P:9.9|P:9.6|B:10.1|B:10.6|B:10.10|B:11.2|E:11.10,1100010111001,"9.9,9.6,10.1,10.6,10.10,11.2,11.10",7,2,4,1,1,1,1,1,1,1,0.3333333333333333,0.3333333333333333,0.25,1,0,mean,end,3.688230514526367,1.7089269161224365,0.06055968999862671,0.9205410480499268,256
161,P:9.9|P:9.6|B:10.1|B:10.2|B:10.10|B:11.2|E:10.7|E:11.10,1100011011011,"9.9,9.6,10.1,10.2,10.10,11.2,10.7,11.10",8,2,4,2,1,1,1,1,1,1,0.3333333333333333,0.6666666666666666,0.5,1,0,mean,end,3.333617687225342,1.5876284837722778,0.4151725769042969,0.8468310832977295,256
162,P:9.9|P:9.6|B:10.1|B:10.2|B:10.6|E:10.7|E:11.10,1100011100011,"9.9,9.6,10.1,10.2,10.6,10.7,11.10",7,2,3,2,1,1,1,1,1,1,0.25,0.6666666666666666,0.375,1,0,mean,end,3.249321460723877,1.778527021408081,0.49946874380111694,1.1748340129852295,256
163,P:9.9|P:9.6|B:9.7|B:10.2|B:11.2|E:11.10,1100101001001,"9.9,9.6,9.7,10.2,11.2,11.10",6,2,3,1,1,1,1,1,1,1,0.25,0.3333333333333333,0.1875,1,0,mean,end,4.31413459777832,1.7280961275100708,-0.5653443336486816,0.93512362241745,256
164,P:9.9|P:9.6|B:9.7|B:10.1|B:10.10|B:11.2|B:11.9,1100110011100,"9.9,9.6,9.7,10.1,10.10,11.2,11.9",7,2,5,0,1,1,0,1,0,0,0.41666666666666663,0.0,0.0,1,0,mean,end,3.4476490020751953,1.4755427837371826,0.30114129185676575,0.8621471524238586,256
165,P:9.9|P:9.6|B:9.7|B:10.1|B:10.6|B:11.2|E:10.7|E:11.10,1100110101011,"9.9,9.6,9.7,10.1,10.6,11.2,10.7,11.10",8,2,4,2,1,1,1,1,1,1,0.3333333333333333,0.6666666666666666,0.5,1,0,mean,end,3.6959352493286133,1.7787667512893677,0.0528549998998642,1.031193494796753,256
166,P:9.9|P:9.6|B:9.7|B:10.1|B:10.2|E:10.7|E:11.10,1100111000011,"9.9,9.6,9.7,10.1,10.2,10.7,11.10",7,2,3,2,1,1,1,1,1,1,0.25,0.6666666666666666,0.375,1,0,mean,end,3.407801866531372,1.6157429218292236,0.34098824858665466,0.8716210126876831,256
167,P:9.9|P:9.6|B:9.0|B:11.9|E:10.7,1101000000110,"9.9,9.6,9.0,11.9,10.7",5,2,2,1,1,1,1,1,1,1,0.16666666666666666,0.3333333333333333,0.125,1,0,mean,end,3.3948428630828857,1.3650784492492676,0.3539474308490753,0.48935943841934204,256
168,P:9.9|P:9.6|B:9.0|B:10.2|B:10.10|B:11.2|B:11.9,1101001011100,"9.9,9.6,9.0,10.2,10.10,11.2,11.9",7,2,5,0,1,1,0,1,0,0,0.41666666666666663,0.0,0.0,1,0,mean,end,3.471181869506836,1.3697621822357178,0.2776085138320923,0.8171976208686829,256
169,P:9.9|P:9.6|B:9.0|B:10.2|B:10.6|B:10.10|B:11.2|B:11.9|E:10.7|E:11.10,1101001111111,"9.9,9.6,9.0,10.2,10.6,10.10,11.2,11.9,10.7,11.10",10,2,6,2,1,1,1,1,1,1,0.5,0.6666666666666666,0.75,1,0,mean,end,3.0399770736694336,1.5218509435653687,0.7088133096694946,1.037505865097046,256
170,P:9.9|P:9.6|B:9.0|B:10.1|B:10.6,1101010100000,"9.9,9.6,9.0,10.1,10.6",5,2,3,0,1,1,0,1,0,0,0.25,0.0,0.0,1,0,mean,end,3.365924835205078,1.4004513025283813,0.3828652501106262,0.618107795715332,256
171,P:9.9|P:9.6|B:9.0|B:10.1|B:10.2|B:10.10|B:11.2|E:10.7|E:11.10,1101011011011,"9.9,9.6,9.0,10.1,10.2,10.10,11.2,10.7,11.10",9,2,5,2,1,1,1,1,1,1,0.41666666666666663,0.6666666666666666,0.625,1,0,mean,end,3.3006441593170166,1.5753012895584106,0.4481462836265564,0.847277045249939,256
172,P:9.9|P:9.6|B:9.0|B:9.7|B:10.2|B:11.2,1101101001000,"9.9,9.6,9.0,9.7,10.2,11.2",6,2,4,0,1,1,0,1,0,0,0.3333333333333333,0.0,0.0,1,0,mean,end,3.5797860622406006,1.3652807474136353,0.1690041422843933,0.7474714517593384,256
173,P:9.9|P:9.6|B:9.0|B:9.7|B:10.2|B:10.6|B:11.9|E:10.7|E:11.10,1101101100111,"9.9,9.6,9.0,9.7,10.2,10.6,11.9,10.7,11.10",9,2,5,2,1,1,1,1,1,1,0.41666666666666663,0.6666666666666666,0.625,1,0,mean,end,3.1363682746887207,1.6356608867645264,0.6124220490455627,1.1420246362686157,256
174,P:9.9|P:9.6|B:9.0|B:9.7|B:10.1|B:11.9|E:10.7|E:11.10,1101110000111,"9.9,9.6,9.0,9.7,10.1,11.9,10.7,11.10",8,2,4,2,1,1,1,1,1,1,0.3333333333333333,0.6666666666666666,0.5,1,0,mean,end,3.747647762298584,1.7162230014801025,0.0011423192918300629,0.8358646035194397,256
175,P:9.9|P:9.6|B:9.0|B:9.7|B:10.1|B:10.10,1101110010000,"9.9,9.6,9.0,9.7,10.1,10.10",6,2,4,0,1,1,0,1,0,0,0.3333333333333333,0.0,0.0,1,0,mean,end,3.310716152191162,1.3634798526763916,0.43807393312454224,0.601902961730957,256
176,P:9.9|P:9.6|B:9.0|B:9.7|B:10.1|B:10.2|B:10.6|B:11.9|E:11.10,1101111100101,"9.9,9.6,9.0,9.7,10.1,10.2,10.6,11.9,11.10",9,2,6,1,1,1,1,1,1,1,0.5,0.3333333333333333,0.375,1,0,mean,end,3.2726433277130127,1.559168815612793,0.476146936416626,0.9908381700515747,256
177,P:9.9|P:9.6|P:10.0|E:11.10,1110000000001,"9.9,9.6,10.0,11.10",4,3,0,1,1,0,1,0,1,0,0.0,0.5,0.0,1,1,mean,end,3.9750969409942627,1.852927565574646,-0.22630655765533447,1.0302481651306152,256
178,P:9.9|P:9.6|P:10.0|E:10.7,1110000000010,"9.9,9.6,10.0,10.7",4,3,0,1,1,0,1,0,1,0,0.0,0.5,0.0,1,1,mean,end,2.963240146636963,1.3492575883865356,0.7855499982833862,0.6703174114227295,256
179,P:9.9|P:9.6|P:10.0|B:11.9|E:10.7,1110000000110,"9.9,9.6,10.0,11.9,10.7",5,3,1,1,1,1,1,1,1,1,0.125,0.5,0.0625,1,1,mean,end,2.886359691619873,1.313310980796814,0.8624305129051208,0.6847500801086426,256
180,P:9.9|P:9.6|P:10.0|B:11.9|E:10.7|E:11.10,1110000000111,"9.9,9.6,10.0,11.9,10.7,11.10",6,3,1,2,1,1,1,1,1,1,0.125,1.0,0.125,1,1,mean,end,3.5194015502929688,1.739726185798645,0.22938881814479828,0.9527740478515625,256
181,P:9.9|P:9.6|P:10.0|B:11.2,1110000001000,"9.9,9.6,10.0,11.2",4,3,1,0,1,1,0,1,0,0,0.125,0.0,0.0,1,1,mean,end,3.1709351539611816,1.7360855340957642,0.5778549909591675,1.3551914691925049,256
182,P:9.9|P:9.6|P:10.0|B:11.2|E:11.10,1110000001001,"9.9,9.6,10.0,11.2,11.10",5,3,1,1,1,1,1,1,1,1,0.125,0.5,0.0625,1,1,mean,end,3.868065357208252,2.0769734382629395,-0.11927512288093567,1.5139371156692505,256
183,P:9.9|P:9.6|P:10.0|B:10.10|B:11.2,1110000011000,"9.9,9.6,10.0,10.10,11.2",5,3,2,0,1,1,0,1,0,0,0.25,0.0,0.0,1,1,mean,end,2.943844795227051,1.744873046875,0.8049454689025879,1.4305137395858765,256
184,P:9.9|P:9.6|P:10.0|B:10.10|B:11.2|B:11.9|E:10.7|E:11.10,1110000011111,"9.9,9.6,10.0,10.10,11.2,11.9,10.7,11.10",8,3,3,2,1,1,1,1,1,1,0.375,1.0,0.375,1,1,mean,end,2.831057071685791,1.7534806728363037,0.9177334308624268,1.3180757761001587,256
185,P:9.9|P:9.6|P:10.0|B:10.6,1110000100000,"9.9,9.6,10.0,10.6",4,3,1,0,1,1,0,1,0,0,0.125,0.0,0.0,1,1,mean,end,3.0233025550842285,1.316318392753601,0.725487470626831,0.6636539101600647,256
186,P:9.9|P:9.6|P:10.0|B:10.6|E:10.7|E:11.10,1110000100011,"9.9,9.6,10.0,10.6,10.7,11.10",6,3,1,2,1,1,1,1,1,1,0.125,1.0,0.125,1,1,mean,end,3.220939874649048,1.6656761169433594,0.5278505086898804,0.9326133728027344,256
187,P:9.9|P:9.6|P:10.0|B:10.6|B:11.2,1110000101000,"9.9,9.6,10.0,10.6,11.2",5,3,2,0,1,1,0,1,0,0,0.25,0.0,0.0,1,1,mean,end,2.8509151935577393,1.5238239765167236,0.8978749513626099,1.2120875120162964,256
188,P:9.9|P:9.6|P:10.0|B:10.2|E:11.10,1110001000001,"9.9,9.6,10.0,10.2,11.10",5,3,1,1,1,1,1,1,1,1,0.125,0.5,0.0625,1,1,mean,end,3.5512895584106445,1.6440260410308838,0.19750070571899414,0.9201822280883789,256
189,P:9.9|P:9.6|P:10.0|B:10.2|E:10.7|E:11.10,1110001000011,"9.9,9.6,10.0,10.2,10.7,11.10",6,3,1,2,1,1,1,1,1,1,0.125,1.0,0.125,1,1,mean,end,3.182033061981201,1.6348390579223633,0.5667572021484375,0.9701699018478394,256
190,P:9.9|P:9.6|P:10.0|B:10.2|B:10.6|B:11.2|E:11.10,1110001101001,"9.9,9.6,10.0,10.2,10.6,11.2,11.10",7,3,3,1,1,1,1,1,1,1,0.375,0.5,0.1875,1,1,mean,end,2.995898485183716,1.615103840827942,0.752892017364502,1.24191153049469,256
191,P:9.9|P:9.6|P:10.0|B:10.1|E:11.10,1110010000001,"9.9,9.6,10.0,10.1,11.10",5,3,1,1,1,1,1,1,1,1,0.125,0.5,0.0625,1,1,mean,end,3.758741855621338,1.8456740379333496,-0.00995168462395668,1.0214067697525024,256
192,P:9.9|P:9.6|P:10.0|B:10.1|E:10.7|E:11.10,1110010000011,"9.9,9.6,10.0,10.1,10.7,11.10",6,3,1,2,1,1,1,1,1,1,0.125,1.0,0.125,1,1,mean,end,3.369771957397461,1.7829517126083374,0.37901821732521057,0.9798354506492615,256
193,P:9.9|P:9.6|P:10.0|B:10.1|B:10.10,1110010010000,"9.9,9.6,10.0,10.1,10.10",5,3,2,0,1,1,0,1,0,0,0.25,0.0,0.0,1,1,mean,end,3.123372793197632,1.4928323030471802,0.6254174709320068,0.8058502078056335,256
194,P:9.9|P:9.6|P:10.0|B:10.1|B:10.2|B:11.9|E:10.7,1110011000110,"9.9,9.6,10.0,10.1,10.2,11.9,10.7",7,3,3,1,1,1,1,1,1,1,0.375,0.5,0.1875,1,1,mean,end,2.5351362228393555,1.257097601890564,1.2136539220809937,0.798945963382721,256
195,P:9.9|P:9.6|P:10.0|B:10.1|B:10.2|B:10.10|E:10.7|E:11.10,1110011010011,"9.9,9.6,10.0,10.1,10.2,10.10,10.7,11.10",8,3,3,2,1,1,1,1,1,1,0.375,1.0,0.375,1,1,mean,end,2.4731712341308594,1.4350138902664185,1.2756190299987793,0.8115521669387817,256
196,P:9.9|P:9.6|P:10.0|B:10.1|B:10.2|B:10.10|B:11.2|B:11.9|E:10.7|E:11.10,1110011011111,"9.9,9.6,10.0,10.1,10.2,10.10,11.2,11.9,10.7,11.10",10,3,5,2,1,1,1,1,1,1,0.625,1.0,0.625,1,1,mean,end,2.146188735961914,1.5957740545272827,1.6026018857955933,1.330885887145996,256
197,P:9.9|P:9.6|P:10.0|B:10.1|B:10.2|B:10.6|E:10.7|E:11.10,1110011100011,"9.9,9.6,10.0,10.1,10.2,10.6,10.7,11.10",8,3,3,2,1,1,1,1,1,1,0.375,1.0,0.375,1,1,mean,end,2.587489366531372,1.5215986967086792,1.1613008975982666,0.957614541053772,256
198,P:9.9|P:9.6|P:10.0|B:9.7,1110100000000,"9.9,9.6,10.0,9.7",4,3,1,0,1,1,0,1,0,0,0.125,0.0,0.0,1,1,mean,end,3.0903592109680176,1.382513403892517,0.6584309339523315,0.7955102920532227,256
199,P:9.9|P:9.6|P:10.0|B:9.7|E:11.10,1110100000001,"9.9,9.6,10.0,9.7,11.10",5,3,1,1,1,1,1,1,1,1,0.125,0.5,0.0625,1,1,mean,end,3.757448196411133,1.7748721837997437,-0.008658107370138168,1.0440057516098022,256
200,P:9.9|P:9.6|P:10.0|B:9.7|E:10.7|E:11.10,1110100000011,"9.9,9.6,10.0,9.7,10.7,11.10",6,3,1,2,1,1,1,1,1,1,0.125,1.0,0.125,1,1,mean,end,3.350419521331787,1.684692144393921,0.39837056398391724,0.9640771150588989,256
201,P:9.9|P:9.6|P:10.0|B:9.7|B:11.2|B:11.9|E:10.7|E:11.10,1110100001111,"9.9,9.6,10.0,9.7,11.2,11.9,10.7,11.10",8,3,3,2,1,1,1,1,1,1,0.375,1.0,0.375,1,1,mean,end,3.225172758102417,1.8742731809616089,0.5236173868179321,1.4089534282684326,256
202,P:9.9|P:9.6|P:10.0|B:9.7|B:10.10|E:10.7,1110100010010,"9.9,9.6,10.0,9.7,10.10,10.7",6,3,2,1,1,1,1,1,1,1,0.25,0.5,0.125,1,1,mean,end,2.653290271759033,1.2592114210128784,1.095500111579895,0.7012093663215637,256
203,P:9.9|P:9.6|P:10.0|B:9.7|B:10.6|B:10.10,1110100110000,"9.9,9.6,10.0,9.7,10.6,10.10",6,3,3,0,1,1,0,1,0,0,0.375,0.0,0.0,1,1,mean,end,2.7486507892608643,1.2612452507019043,1.0001394748687744,0.7219855189323425,256
204,P:9.9|P:9.6|P:10.0|B:9.7|B:10.6|B:10.10|B:11.9|E:10.7,1110100110110,"9.9,9.6,10.0,9.7,10.6,10.10,11.9,10.7",8,3,4,1,1,1,1,1,1,1,0.5,0.5,0.25,1,1,mean,end,2.3266677856445312,1.1194301843643188,1.4221222400665283,0.6898283362388611,256
205,P:9.9|P:9.6|P:10.0|B:9.7|B:10.2|B:11.2|B:11.9|E:10.7,1110101001110,"9.9,9.6,10.0,9.7,10.2,11.2,11.9,10.7",8,3,4,1,1,1,1,1,1,1,0.5,0.5,0.25,1,1,mean,end,2.364182949066162,1.4473869800567627,1.384607195854187,1.3208614587783813,256
206,P:9.9|P:9.6|P:10.0|B:9.7|B:10.2|B:10.6|E:10.7|E:11.10,1110101100011,"9.9,9.6,10.0,9.7,10.2,10.6,10.7,11.10",8,3,3,2,1,1,1,1,1,1,0.375,1.0,0.375,1,1,mean,end,2.5777039527893066,1.4195067882537842,1.1710865497589111,0.9407595992088318,256
207,P:9.9|P:9.6|P:10.0|B:9.7|B:10.1|B:10.10|B:11.9|E:10.7|E:11.10,1110110010111,"9.9,9.6,10.0,9.7,10.1,10.10,11.9,10.7,11.10",9,3,4,2,1,1,1,1,1,1,0.5,1.0,0.5,1,1,mean,end,2.5620672702789307,1.4797130823135376,1.186722993850708,0.8354044556617737,256
208,P:9.9|P:9.6|P:10.0|B:9.7|B:10.1|B:10.2|E:11.10,1110111000001,"9.9,9.6,10.0,9.7,10.1,10.2,11.10",7,3,3,1,1,1,1,1,1,1,0.375,0.5,0.1875,1,1,mean,end,3.1126370429992676,1.5115464925765991,0.6361530423164368,0.8614128232002258,256
209,P:9.9|P:9.6|P:10.0|B:9.7|B:10.1|B:10.2|B:10.6,1110111100000,"9.9,9.6,10.0,9.7,10.1,10.2,10.6",7,3,4,0,1,1,0,1,0,0,0.5,0.0,0.0,1,1,mean,end,2.4999806880950928,1.1292476654052734,1.2488094568252563,0.7120479941368103,256
210,P:9.9|P:9.6|P:10.0|B:9.0,1111000000000,"9.9,9.6,10.0,9.0",4,3,1,0,1,1,0,1,0,0,0.125,0.0,0.0,1,1,mean,end,3.278961658477783,1.4629769325256348,0.4698285162448883,0.7664800882339478,256
211,P:9.9|P:9.6|P:10.0|B:9.0|E:10.7|E:11.10,1111000000011,"9.9,9.6,10.0,9.0,10.7,11.10",6,3,1,2,1,1,1,1,1,1,0.125,1.0,0.125,1,1,mean,end,3.5608301162719727,1.7924559116363525,0.1879602074623108,1.0021929740905762,256
212,P:9.9|P:9.6|P:10.0|B:9.0|B:11.2|E:10.7,1111000001010,"9.9,9.6,10.0,9.0,11.2,10.7",6,3,2,1,1,1,1,1,1,1,0.25,0.5,0.125,1,1,mean,end,2.8483147621154785,1.6146949529647827,0.9004754424095154,1.2615318298339844,256
213,P:9.9|P:9.6|P:10.0|B:9.0|B:10.6,1111000100000,"9.9,9.6,10.0,9.0,10.6",5,3,2,0,1,1,0,1,0,0,0.25,0.0,0.0,1,1,mean,end,3.01137113571167,1.3272038698196411,0.7374192476272583,0.6795334219932556,256
214,P:9.9|P:9.6|P:10.0|B:9.0|B:10.6|B:10.10|B:11.2|E:10.7|E:11.10,1111000111011,"9.9,9.6,10.0,9.0,10.6,10.10,11.2,10.7,11.10",9,3,4,2,1,1,1,1,1,1,0.5,1.0,0.5,1,1,mean,end,2.43780517578125,1.5702308416366577,1.3109853267669678,1.2049609422683716,256
215,P:9.9|P:9.6|P:10.0|B:9.0|B:10.2|B:11.2|E:10.7|E:11.10,1111001001011,"9.9,9.6,10.0,9.0,10.2,11.2,10.7,11.10",8,3,3,2,1,1,1,1,1,1,0.375,1.0,0.375,1,1,mean,end,3.063439130783081,1.7902154922485352,0.6853511333465576,1.36757493019104,256
216,P:9.9|P:9.6|P:10.0|B:9.0|B:10.2|B:10.6|E:10.7,1111001100010,"9.9,9.6,10.0,9.0,10.2,10.6,10.7",7,3,3,1,1,1,1,1,1,1,0.375,0.5,0.1875,1,1,mean,end,2.4230995178222656,1.199208378791809,1.325690746307373,0.7945303916931152,256
217,P:9.9|P:9.6|P:10.0|B:9.0|B:10.2|B:10.6|B:10.10|B:11.2|B:11.9|E:11.10,1111001111101,"9.9,9.6,10.0,9.0,10.2,10.6,10.10,11.2,11.9,11.10",10,3,6,1,1,1,1,1,1,1,0.75,0.5,0.375,1,1,mean,end,2.21527361869812,1.462870717048645,1.5335166454315186,1.3253625631332397,256
218,P:9.9|P:9.6|P:10.0|B:9.0|B:10.1|B:10.10,1111010010000,"9.9,9.6,10.0,9.0,10.1,10.10",6,3,3,0,1,1,0,1,0,0,0.375,0.0,0.0,1,1,mean,end,3.1184191703796387,1.509735107421875,0.6303709745407104,0.8280646204948425,256
219,P:9.9|P:9.6|P:10.0|B:9.0|B:10.1|B:10.6|B:10.10,1111010110000,"9.9,9.6,10.0,9.0,10.1,10.6,10.10",7,3,4,0,1,1,0,1,0,0,0.5,0.0,0.0,1,1,mean,end,2.8646864891052246,1.3815478086471558,0.8841040134429932,0.7032089233398438,256
220,P:9.9|P:9.6|P:10.0|B:9.0|B:10.1|B:10.6|B:10.10|E:10.7|E:11.10,1111010110011,"9.9,9.6,10.0,9.0,10.1,10.6,10.10,10.7,11.10",9,3,4,2,1,1,1,1,1,1,0.5,1.0,0.5,1,1,mean,end,2.489651679992676,1.4707103967666626,1.259138584136963,0.7626150250434875,256
221,P:9.9|P:9.6|P:10.0|B:9.0|B:10.1|B:10.2|B:11.2|E:11.10,1111011001001,"9.9,9.6,10.0,9.0,10.1,10.2,11.2,11.10",8,3,4,1,1,1,1,1,1,1,0.5,0.5,0.25,1,1,mean,end,3.1539249420166016,1.866576910018921,0.5948651432991028,1.4339698553085327,256
222,P:9.9|P:9.6|P:10.0|B:9.0|B:10.1|B:10.2|B:10.6|B:10.10|B:11.2|E:10.7|E:11.10,1111011111011,"9.9,9.6,10.0,9.0,10.1,10.2,10.6,10.10,11.2,10.7,11.10",11,3,6,2,1,1,1,1,1,1,0.75,1.0,0.75,1,1,mean,end,1.743708610534668,1.369126796722412,2.0050816535949707,1.198280692100525,256
223,P:9.9|P:9.6|P:10.0|B:9.0|B:10.1|B:10.2|B:10.6|B:10.10|B:11.2|B:11.9|E:10.7,1111011111110,"9.9,9.6,10.0,9.0,10.1,10.2,10.6,10.10,11.2,11.9,10.7",11,3,7,1,1,1,1,1,1,1,0.875,0.5,0.4375,1,1,mean,end,1.8016135692596436,1.3864198923110962,1.9471766948699951,1.3397389650344849,256
224,P:9.9|P:9.6|P:10.0|B:9.0|B:9.7|B:10.6|B:11.2|E:11.10,1111100101001,"9.9,9.6,10.0,9.0,9.7,10.6,11.2,11.10",8,3,4,1,1,1,1,1,1,1,0.5,0.5,0.25,1,1,mean,end,3.2202842235565186,1.81136953830719,0.5285060405731201,1.395147681236267,256
225,P:9.9|P:9.6|P:10.0|B:9.0|B:9.7|B:10.6|B:11.2|B:11.9,1111100101100,"9.9,9.6,10.0,9.0,9.7,10.6,11.2,11.9",8,3,5,0,1,1,0,1,0,0,0.625,0.0,0.0,1,1,mean,end,2.544640064239502,1.5217506885528564,1.2041504383087158,1.3593213558197021,256
226,P:9.9|P:9.6|P:10.0|B:9.0|B:9.7|B:10.6|B:10.10|B:11.9|E:10.7,1111100110110,"9.9,9.6,10.0,9.0,9.7,10.6,10.10,11.9,10.7",9,3,5,1,1,1,1,1,1,1,0.625,0.5,0.3125,1,1,mean,end,2.2947888374328613,1.1263878345489502,1.4540016651153564,0.7101598978042603,256
227,P:9.9|P:9.6|P:10.0|B:9.0|B:9.7|B:10.6|B:10.10|B:11.2|B:11.9|E:10.7|E:11.10,1111100111111,"9.9,9.6,10.0,9.0,9.7,10.6,10.10,11.2,11.9,10.7,11.10",11,3,6,2,1,1,1,1,1,1,0.75,1.0,0.75,1,1,mean,end,2.134861469268799,1.491843581199646,1.6139287948608398,1.257879376411438,256
228,P:9.9|P:9.6|P:10.0|B:9.0|B:9.7|B:10.2|B:11.2|B:11.9,1111101001100,"9.9,9.6,10.0,9.0,9.7,10.2,11.2,11.9",8,3,5,0,1,1,0,1,0,0,0.625,0.0,0.0,1,1,mean,end,2.6113946437835693,1.6267613172531128,1.1373956203460693,1.4913088083267212,256
229,P:9.9|P:9.6|P:10.0|B:9.0|B:9.7|B:10.2|B:10.6,1111101100000,"9.9,9.6,10.0,9.0,9.7,10.2,10.6",7,3,4,0,1,1,0,1,0,0,0.5,0.0,0.0,1,1,mean,end,2.5613999366760254,1.1284176111221313,1.1873903274536133,0.7507238388061523,256
230,P:9.9|P:9.6|P:10.0|B:9.0|B:9.7|B:10.2|B:10.6|B:10.10|B:11.2|B:11.9|E:11.10,1111101111101,"9.9,9.6,10.0,9.0,9.7,10.2,10.6,10.10,11.2,11.9,11.10",11,3,7,1,1,1,1,1,1,1,0.875,0.5,0.4375,1,1,mean,end,2.033550977706909,1.4210854768753052,1.715239405632019,1.3488391637802124,256
231,P:9.9|P:9.6|P:10.0|B:9.0|B:9.7|B:10.1|B:10.6|B:10.10|B:11.2|B:11.9|E:10.7|E:11.10,1111110111111,"9.9,9.6,10.0,9.0,9.7,10.1,10.6,10.10,11.2,11.9,10.7,11.10",12,3,7,2,1,1,1,1,1,1,0.875,1.0,0.875,1,1,mean,end,1.862554907798767,1.5242539644241333,1.8862354755401611,1.3055169582366943,256
232,P:9.9|P:9.6|P:10.0|B:9.0|B:9.7|B:10.1|B:10.2|B:11.2|B:11.9|E:10.7|E:11.10,1111111001111,"9.9,9.6,10.0,9.0,9.7,10.1,10.2,11.2,11.9,10.7,11.10",11,3,6,2,1,1,1,1,1,1,0.75,1.0,0.75,1,1,mean,end,2.500089168548584,1.734131932258606,1.2487009763717651,1.4342552423477173,256
233,P:9.9|P:9.6|P:10.0|B:9.0|B:9.7|B:10.1|B:10.2|B:10.10|B:11.2,1111111011000,"9.9,9.6,10.0,9.0,9.7,10.1,10.2,10.10,11.2",9,3,6,0,1,1,0,1,0,0,0.75,0.0,0.0,1,1,mean,end,2.354055881500244,1.7184491157531738,1.3947341442108154,1.5610151290893555,256
234,P:9.9|P:9.6|P:10.0|B:9.0|B:9.7|B:10.1|B:10.2|B:10.6,1111111100000,"9.9,9.6,10.0,9.0,9.7,10.1,10.2,10.6",8,3,5,0,1,1,0,1,0,0,0.625,0.0,0.0,1,1,mean,end,2.484537363052368,1.1356866359710693,1.2642531394958496,0.7238075137138367,256
235,P:9.9|P:9.6|P:10.0|B:9.0|B:9.7|B:10.1|B:10.2|B:10.6|B:11.2,1111111101000,"9.9,9.6,10.0,9.0,9.7,10.1,10.2,10.6,11.2",9,3,6,0,1,1,0,1,0,0,0.75,0.0,0.0,1,1,mean,end,2.2646918296813965,1.4593355655670166,1.4840984344482422,1.3454034328460693,256
236,P:9.9|P:9.6|P:10.0|B:9.0|B:9.7|B:10.1|B:10.2|B:10.6|B:11.2|B:11.9|E:11.10,1111111101101,"9.9,9.6,10.0,9.0,9.7,10.1,10.2,10.6,11.2,11.9,11.10",11,3,7,1,1,1,1,1,1,1,0.875,0.5,0.4375,1,1,mean,end,2.3969178199768066,1.554270625114441,1.351872205734253,1.343016505241394,256
237,P:9.9|P:9.6|P:10.0|B:9.0|B:9.7|B:10.1|B:10.2|B:10.6|B:10.10|B:11.9,1111111110100,"9.9,9.6,10.0,9.0,9.7,10.1,10.2,10.6,10.10,11.9",10,3,7,0,1,1,0,1,0,0,0.875,0.0,0.0,1,1,mean,end,2.259429931640625,1.1625226736068726,1.4893603324890137,0.8296597003936768,256
238,P:9.9|P:9.6|P:10.0|B:9.0|B:9.7|B:10.1|B:10.2|B:10.6|B:10.10|B:11.2|E:10.7|E:11.10,1111111111011,"9.9,9.6,10.0,9.0,9.7,10.1,10.2,10.6,10.10,11.2,10.7,11.10",12,3,7,2,1,1,1,1,1,1,0.875,1.0,0.875,1,1,mean,end,1.536388635635376,1.3143105506896973,2.2124016284942627,1.2194093465805054,256
239,P:9.9|P:9.6|P:10.0|B:9.0|B:9.7|B:10.1|B:10.2|B:10.6|B:10.10|B:11.2|B:11.9|E:10.7,1111111111110,"9.9,9.6,10.0,9.0,9.7,10.1,10.2,10.6,10.10,11.2,11.9,10.7",12,3,8,1,1,1,1,1,1,1,1.0,0.5,0.5,1,1,mean,end,1.624333143234253,1.3508390188217163,2.124457359313965,1.3690476417541504,256
