epsilon,component,layer,bin,token_start,token_end_exclusive,finite_effect,atp_effect,atp_calibrated_effect,ridge_effect,omp_effect
0.6,0,0,0,0,7,-0.009043200872838497,-0.011026650667190552,-0.014298232763274889,0.014994892393699964,0.0
0.6,1,0,1,7,15,0.025699784979224205,0.007383445277810097,0.009574096646695484,0.04971099954246152,0.0
0.6,2,0,2,15,23,0.032011158764362335,0.015285858884453773,0.01982113834138358,0.012294817535393087,0.0
0.6,3,0,3,23,31,0.03747209161520004,0.02412603870034218,0.03128417934012249,0.02601742658638958,0.0
0.6,4,0,4,31,39,0.04123611003160477,0.026722754538059234,0.034651334842584834,-0.006443095545454571,0.0
0.6,5,0,5,39,47,0.07881535589694977,0.05671057105064392,0.07353646809842597,0.04164262334245164,0.0
0.6,6,0,6,47,55,0.15653616189956665,0.1524038314819336,0.19762170057925812,0.15093364707858886,0.12665312382936614
0.6,7,0,7,55,63,1.1834791898727417,0.944800615310669,1.22512080234779,1.228901402832472,1.2707494064589149
0.6,8,1,0,0,7,0.009185940027236938,0.007486936077475547,0.009708292930511474,0.017917165948894954,0.0
0.6,9,1,1,7,15,0.038626063615083694,0.02160491645336151,0.028015045874304194,-0.04269739558879372,0.0
0.6,10,1,2,15,23,0.04481970891356468,0.029372213780879973,0.03808688259811312,0.03578259984024644,0.0
0.6,11,1,3,23,31,0.04931950569152832,0.035520728677511215,0.046059647836979224,0.05989938036000702,0.0
0.6,12,1,4,31,39,0.061379652470350266,0.03960850238800049,0.05136025468127524,0.051876854952527536,0.0
0.6,13,1,5,39,47,0.09321363270282745,0.0711962342262268,0.09231999448973179,0.06917497544635734,0.0
0.6,14,1,6,47,55,0.10049021989107132,0.1361701637506485,0.17657154066857708,0.1330896812434083,0.13646953699287212
0.6,15,1,7,55,63,1.092421293258667,0.8665676593780517,1.1236763068753863,1.1210324316590357,1.115611109153311
0.6,16,2,0,0,7,0.01289433054625988,0.010933420434594153,0.01417734133336826,0.0032796849073747107,0.0
0.6,17,2,1,7,15,0.041643254458904266,0.023881374299526213,0.030966923569776657,0.0507393866158449,0.0
0.6,18,2,2,15,23,0.04686289280653,0.03126873224973679,0.04054609376984723,-0.014756690772996055,0.0
0.6,19,2,3,23,31,0.0489349290728569,0.03993953615427017,0.05178950541075658,0.02215584876613213,0.0
0.6,20,2,4,31,39,0.07468454539775848,0.05359708517789841,0.06949921807053278,0.08751498341428283,0.11088449787729904
0.6,21,2,5,39,47,0.07806511223316193,0.05789734125137329,0.07507535031014206,0.07404591196306985,0.10442201477832583
0.6,22,2,6,47,55,0.06261700391769409,0.07684816718101502,0.09964884305754226,0.08546248812505797,0.11520691481184199
0.6,23,2,7,55,63,1.1492853164672852,0.9395636558532714,1.2183300489673001,1.2377322939785176,1.2127479483736083
0.6,24,3,0,0,7,0.0,0.0,0.0,0.02180228016317648,0.0
0.6,25,3,1,7,15,0.0,0.0,0.0,-0.03142274354254036,0.0
0.6,26,3,2,15,23,0.0,0.0,0.0,0.006390246106588948,0.0
0.6,27,3,3,23,31,0.0,0.0,0.0,0.006352582856852553,0.0
0.6,28,3,4,31,39,0.0,0.0,0.0,-0.021221017427415577,0.0
0.6,29,3,5,39,47,0.0,0.0,0.0,0.0029367614703628836,0.0
0.6,30,3,6,47,55,0.0,0.0,0.0,-0.012075063874245314,0.0
0.6,31,3,7,55,63,0.7517908811569214,0.6585823774337768,0.8539822662885098,0.7165685743733652,0.6803986924807998
1.2,0,0,0,0,7,-0.011315682902932167,-0.022053301334381104,-0.026414569115360383,-0.04678440536149964,0.0
1.2,1,0,1,7,15,0.029371637850999832,0.014766890555620193,0.017687195458227688,0.06626627063066619,0.0
1.2,2,0,2,15,23,0.03699138015508652,0.030571717768907547,0.036617590252718595,-0.007290278859515138,0.0
1.2,3,0,3,23,31,0.05177004262804985,0.04825207740068436,0.057794423344366117,0.053684133066514754,0.0
1.2,4,0,4,31,39,0.0783967450261116,0.05344550907611847,0.06401490969498742,0.030139703386089654,0.0
1.2,5,0,5,39,47,0.12013112753629684,0.11342114210128784,0.13585134269701651,0.09567086205884297,0.0
1.2,6,0,6,47,55,0.25110191106796265,0.3048076629638672,0.3650865218849781,0.2998633530458453,0.24639615343446386
1.2,7,0,7,55,63,2.200593948364258,1.889601230621338,2.2632893619833228,2.245330007972171,2.2775746317116328
1.2,8,1,0,0,7,0.04832231625914574,0.014973872154951095,0.01793510980348766,0.11826940134287355,0.0
1.2,9,1,1,7,15,0.06478770077228546,0.04320983290672302,0.05175502299959117,0.002218063438191049,0.0
1.2,10,1,2,15,23,0.06824388355016708,0.058744427561759946,0.07036174396045072,0.10303373148652266,0.0
1.2,11,1,3,23,31,0.10109445452690125,0.07104145735502243,0.08509063821817267,0.13388178286959024,0.0
1.2,12,1,4,31,39,0.09883058816194534,0.07921700477600098,0.09488298445844612,0.056609047591315145,0.0
1.2,13,1,5,39,47,0.13180454075336456,0.1423924684524536,0.1705520476238331,0.11383803154330828,0.0
1.2,14,1,6,47,55,0.17436271905899048,0.272340327501297,0.3261984359896189,0.21858080821743855,0.215404182367143
1.2,15,1,7,55,63,2.0654311180114746,1.7331353187561034,2.0758807023683192,2.068166757209652,2.031458506540303
1.2,16,2,0,0,7,0.05110648646950722,0.021866840869188307,0.026191234170154745,0.0203740038955137,0.0
1.2,17,2,1,7,15,0.07402771711349487,0.047762748599052426,0.05720832472562134,0.06369059257385286,0.0
1.2,18,2,2,15,23,0.07069024443626404,0.06253746449947357,0.07490489307128943,0.009104040687107568,0.0
1.2,19,2,3,23,31,0.10450009256601334,0.07987907230854034,0.09567598267364001,0.05065448901245214,0.0
1.2,20,2,4,31,39,0.1347150206565857,0.10719417035579681,0.12839292306828545,0.17156249188062037,0.2122125500851013
1.2,21,2,5,39,47,0.13592463731765747,0.11579468250274658,0.13869427519187563,0.13331954690348527,0.0
1.2,22,2,6,47,55,0.14994579553604126,0.15369633436203003,0.18409136959708236,0.10586251874146536,0.0
1.2,23,2,7,55,63,2.0873565673828125,1.8791273117065428,2.250744117582557,2.3058677557248735,2.2665323750930155
1.2,24,3,0,0,7,0.0,0.0,0.0,-0.0062412925569872765,0.0
1.2,25,3,1,7,15,0.0,0.0,0.0,-0.013529629911059028,0.0
1.2,26,3,2,15,23,0.0,0.0,0.0,0.028130660758329495,0.0
1.2,27,3,3,23,31,0.0,0.0,0.0,0.00854920886258838,0.0
1.2,28,3,4,31,39,0.0,0.0,0.0,-0.06013837222019583,0.0
1.2,29,3,5,39,47,0.0,0.0,0.0,0.002823488101059962,0.0
1.2,30,3,6,47,55,0.0,0.0,0.0,-0.03951830619931733,0.0
1.2,31,3,7,55,63,1.5056993961334229,1.3171647548675536,1.5776476694455013,1.3460449789548237,1.3363473789626068
2.0,0,0,0,0,7,-0.026754045858979225,-0.036755502223968506,-0.039430154724255546,-0.12113211143793536,0.0
2.0,1,0,1,7,15,0.029683569446206093,0.02461148425936699,0.026402431571390512,0.061291793550266455,0.0
2.0,2,0,2,15,23,0.0744452103972435,0.050952862948179245,0.0546606398532724,0.05452429112570019,0.0
2.0,3,0,3,23,31,0.0403776653110981,0.0804201290011406,0.08627220246202345,0.16575930437670863,0.0
2.0,4,0,4,31,39,0.0572427362203598,0.08907584846019745,0.09555778793547672,0.0070657388288384885,0.0
2.0,5,0,5,39,47,0.11913695931434631,0.18903523683547974,0.2027910975434491,0.016433705847666628,0.0
2.0,6,0,6,47,55,0.3487074375152588,0.5080127716064453,0.5449802335520169,0.41623494256581495,0.3756937425724555
2.0,7,0,7,55,63,3.0968379974365234,3.1493353843688965,3.378508630559824,3.413861561308542,3.4260718938835018
2.0,8,1,0,0,7,0.060376424342393875,0.02495645359158516,0.02677250389584417,0.17240511449207663,0.0
2.0,9,1,1,7,15,0.08524630963802338,0.0720163881778717,0.0772569317984668,-0.0312236342026604,0.0
2.0,10,1,2,15,23,0.13378450274467468,0.09790737926959991,0.10503197833409647,0.25712754147558975,0.0
2.0,11,1,3,23,31,0.13729916512966156,0.11840242892503738,0.1270184274396189,0.22916628752846743,0.0
2.0,12,1,4,31,39,0.08661340922117233,0.13202834129333496,0.141635880621656,0.08921257602075687,0.0
2.0,13,1,5,39,47,0.17644339799880981,0.23732078075408936,0.2545903208557635,0.10194893805496497,0.0
2.0,14,1,6,47,55,0.2469111979007721,0.453900545835495,0.4869303279454748,0.26970385415611425,0.0
2.0,15,1,7,55,63,3.024259567260742,2.888558864593506,3.098755725524254,3.037291422520068,2.9347354766248093
2.0,16,2,0,0,7,0.07662269473075867,0.036444734781980515,0.039096773119341524,-0.06615651390344834,0.0
2.0,17,2,1,7,15,0.09596911817789078,0.07960458099842072,0.08539730803842523,0.07632989562641238,0.0
2.0,18,2,2,15,23,0.11134747415781021,0.10422910749912262,0.11181373091894418,0.020066420587577845,0.0
2.0,19,2,3,23,31,0.15266236662864685,0.13313178718090057,0.14281962290359884,0.06007621568458349,0.0
2.0,20,2,4,31,39,0.16182976961135864,0.1786569505929947,0.19165759622927184,0.20390676060607227,0.3116820942454377
2.0,21,2,5,39,47,0.2202838659286499,0.19299113750457764,0.2070348642183226,0.28389973474207253,0.0
2.0,22,2,6,47,55,0.29250913858413696,0.25616055727005005,0.27480104463986965,0.04245237187531863,0.0
2.0,23,2,7,55,63,3.008547306060791,3.1318788528442383,3.3597818087965976,3.453460301874395,3.387269380051693
2.0,24,3,0,0,7,0.0,0.0,0.0,-0.0660692406320877,0.0
2.0,25,3,1,7,15,0.0,0.0,0.0,-0.18694222714457837,0.0
2.0,26,3,2,15,23,0.0,0.0,0.0,0.08093690799913072,0.0
2.0,27,3,3,23,31,0.0,0.0,0.0,0.04470301144648802,0.0
2.0,28,3,4,31,39,0.0,0.0,0.0,-0.09156509439654821,0.0
2.0,29,3,5,39,47,0.0,0.0,0.0,0.019566506129091568,0.0
2.0,30,3,6,47,55,0.0,0.0,0.0,-0.1106536816245959,0.0
2.0,31,3,7,55,63,2.3224709033966064,2.195274591445923,2.3550220120919274,2.078204697228072,2.0676520727816676
5.0,0,0,0,0,7,-0.0518505722284317,-0.09188875555992126,-0.07447456088105264,-0.16601546361602598,0.0
5.0,1,0,1,7,15,0.040619753301143646,0.06152871064841747,0.049868165905566926,0.0801729225850408,0.0
5.0,2,0,2,15,23,0.07456189393997192,0.1273821573704481,0.10324147036749133,0.16401540735855621,0.0
5.0,3,0,3,23,31,0.05541913956403732,0.2010503225028515,0.16294849562555888,0.2059148920498538,0.0
5.0,4,0,4,31,39,-0.11537601053714752,0.22268962115049362,0.18048684680614685,-0.14781276856304243,0.0
5.0,5,0,5,39,47,-0.09493627399206161,0.47258809208869934,0.3830260886814268,-0.06863727006461023,0.0
5.0,6,0,6,47,55,0.23098993301391602,1.2700319290161133,1.0293432492587378,0.6620018173774641,0.0
5.0,7,0,7,55,63,6.260829925537109,7.873338460922241,6.3812315334134135,6.794584867497743,6.757756288096536
5.0,8,1,0,0,7,0.13034933805465698,0.0623911339789629,0.050567148043746624,0.49856881374052836,0.0
5.0,9,1,1,7,15,0.19066153466701508,0.18004097044467926,0.14592070741149946,-0.29185770780508397,0.0
5.0,10,1,2,15,23,0.301019549369812,0.2447684481739998,0.19838142963431535,0.49410704851583903,0.0
5.0,11,1,3,23,31,0.24087831377983093,0.29600607231259346,0.2399088127733961,0.47555789790672126,0.0
5.0,12,1,4,31,39,0.09911248832941055,0.3300708532333374,0.2675178448592349,-0.17467132702489047,0.0
5.0,13,1,5,39,47,0.13862869143486023,0.5933019518852234,0.4808629964273432,0.24544892059338744,0.0
5.0,14,1,6,47,55,0.23490723967552185,1.1347513645887375,0.9197002296087456,0.15195477609077135,0.0
5.0,15,1,7,55,63,5.764915466308594,7.221397161483765,5.8528421597621225,6.055847748915246,5.885104546180587
5.0,16,2,0,0,7,0.16750751435756683,0.09111183695495129,0.07384487913606777,0.10955322572262889,0.0
5.0,17,2,1,7,15,0.26470667123794556,0.1990114524960518,0.16129601978643474,0.0458882411861163,0.0
5.0,18,2,2,15,23,0.31372684240341187,0.26057276874780655,0.21119061208091083,0.13650498819993,0.0
5.0,19,2,3,23,31,0.3154943585395813,0.33282946795225143,0.26975366379681054,0.14978137400497168,0.0
5.0,20,2,4,31,39,0.20658943057060242,0.4466423764824867,0.3619974463329373,0.3020976374260683,0.0
5.0,21,2,5,39,47,0.3018396496772766,0.4824778437614441,0.3910415951333563,0.46952922663638075,0.0
5.0,22,2,6,47,55,0.5197426080703735,0.6404013931751251,0.5190364398093351,-0.12219018234172117,0.0
5.0,23,2,7,55,63,4.888002395629883,7.829697132110596,6.345860842193273,6.277211980404766,6.105338333057248
5.0,24,3,0,0,7,0.0,0.0,0.0,0.04960109201659935,0.0
5.0,25,3,1,7,15,0.0,0.0,0.0,-0.398532766472176,0.0
5.0,26,3,2,15,23,0.0,0.0,0.0,0.33191989282138107,0.0
5.0,27,3,3,23,31,0.0,0.0,0.0,-0.017900137320228205,0.0
5.0,28,3,4,31,39,0.0,0.0,0.0,-0.08158041658906247,0.0
5.0,29,3,5,39,47,0.0,0.0,0.0,0.05353425222307455,0.0
5.0,30,3,6,47,55,0.0,0.0,0.0,-0.3158208955010258,0.0
5.0,31,3,7,55,63,3.9342222213745117,5.488186478614807,4.448098959851868,3.7634684319681266,3.6068351845272546
8.0,0,0,0,0,7,-0.030292775481939316,-0.14702200889587402,-0.10451623145564926,-0.08235470607896977,0.0
8.0,1,0,1,7,15,-0.06149372085928917,0.09844593703746796,0.06998406849795825,0.20766652092867174,0.0
8.0,2,0,2,15,23,-0.023117627948522568,0.20381145179271698,0.14488718409477067,0.24768964383088476,0.0
8.0,3,0,3,23,31,-0.04743611440062523,0.3216805160045624,0.22867892717556965,0.11389939905949739,0.0
8.0,4,0,4,31,39,-0.23489421606063843,0.3563033938407898,0.2532919272343205,-0.2775872671480763,0.0
8.0,5,0,5,39,47,-0.414936900138855,0.756140947341919,0.5375317808468589,-0.28782051108507584,0.0
8.0,6,0,6,47,55,-0.16681069135665894,2.0320510864257812,1.4445614182091393,0.5747989396116904,0.0
8.0,7,0,7,55,63,8.290618896484375,12.597341537475586,8.95530318041799,9.72372924039814,9.83180979784371
8.0,8,1,0,0,7,0.245705246925354,0.09982581436634064,0.0709650071980069,0.7377858597645446,0.0
8.0,9,1,1,7,15,0.26093780994415283,0.2880655527114868,0.20478244181057587,-0.3905194493506919,0.0
8.0,10,1,2,15,23,0.32299530506134033,0.39162951707839966,0.27840485624719863,0.6977416566086161,0.0
8.0,11,1,3,23,31,0.2265419363975525,0.47360971570014954,0.3366836233398129,0.6732466734780673,0.0
8.0,12,1,4,31,39,0.17641136050224304,0.5281133651733398,0.37542963209250246,-0.41131288691240575,0.0
8.0,13,1,5,39,47,0.23408867418766022,0.9492831230163574,0.6748343009813378,0.38841946391384846,0.0
8.0,14,1,6,47,55,0.06662542372941971,1.81560218334198,1.290690417377897,-0.14310891441063475,0.0
8.0,15,1,7,55,63,7.787396430969238,11.554235458374023,8.213771234181381,8.705659459105402,8.448399864724864
8.0,16,2,0,0,7,0.2574900984764099,0.14577893912792206,0.1036325476551184,0.1648173805272011,0.0
8.0,17,2,1,7,15,0.330574631690979,0.31841832399368286,0.22635987292088777,0.18849695178174028,0.0
8.0,18,2,2,15,23,0.38904041051864624,0.4169164299964905,0.29638102772787683,0.28446522340888913,0.0
8.0,19,2,3,23,31,0.3328287601470947,0.5325271487236023,0.3785673393419054,0.1101796664261601,0.0
8.0,20,2,4,31,39,0.2547352612018585,0.7146278023719788,0.5080205702416286,0.2581079505493922,0.0
8.0,21,2,5,39,47,0.41463470458984375,0.7719645500183105,0.5487805954441296,0.4619361610594015,0.0
8.0,22,2,6,47,55,0.48571231961250305,1.0246422290802002,0.7284062105941199,-0.204118935806329,0.0
8.0,23,2,7,55,63,6.490408420562744,12.527515411376953,8.905664601733186,8.537410567506887,8.338149408682424
8.0,24,3,0,0,7,0.0,0.0,0.0,0.34435651288515706,0.0
8.0,25,3,1,7,15,0.0,0.0,0.0,-0.49482675382789926,0.0
8.0,26,3,2,15,23,0.0,0.0,0.0,0.5671819599358235,0.0
8.0,27,3,3,23,31,0.0,0.0,0.0,0.0034841300612048188,0.0
8.0,28,3,4,31,39,0.0,0.0,0.0,-0.0489804805479539,0.0
8.0,29,3,5,39,47,0.0,0.0,0.0,0.11618460436871342,0.0
8.0,30,3,6,47,55,0.0,0.0,0.0,-0.5371272525794183,0.0
8.0,31,3,7,55,63,5.265496253967285,8.781098365783691,6.242380417227639,5.122547550847317,4.910011470132982
